/zlib-1.2.11.tar.gz_extracted/configure;NONE
/zlib-1.2.11.tar.gz_extracted/zutil.c;UNKNOWN;0;0;0;1;0;Copyright-TOOLONG
/zlib-1.2.11.tar.gz_extracted/inffast.c;UNKNOWN;0;0;0;1;1;Copyright,UNKNOWN
/zlib-1.2.11.tar.gz_extracted/gzclose.c;UNKNOWN;0;0;0;1;0;Copyright
/zlib-1.2.11.tar.gz_extracted/inftrees.c;UNKNOWN;0;0;0;1;2;Copyright,UNKNOWN,UNKNOWN
/zlib-1.2.11.tar.gz_extracted/examples/zpipe.c;UNKNOWN;0;0;0;0;1;UNKNOWN
/zlib-1.2.11.tar.gz_extracted/examples/fitblk.c;UNKNOWN;0;0;0;0;1;UNKNOWN
/zlib-1.2.11.tar.gz_extracted/examples/gzlog.c;UNKNOWN;0;0;0;1;1;AllRights-TOOLONG,UNKNOWN
/zlib-1.2.11.tar.gz_extracted/examples/gzlog.h;UNKNOWN;0;0;0;6;2;AllRights,simpleAsIs,UNKNOWN,UNKNOWN,originNotMisrepresented,BSDZlibAck,BSDZlibAltered,doNotRemove
/zlib-1.2.11.tar.gz_extracted/examples/enough.c;UNKNOWN;0;0;0;1;1;UNKNOWN,Copyright
/zlib-1.2.11.tar.gz_extracted/examples/gzappend.c;UNKNOWN;0;0;0;6;3;AllRights,simpleAsIs,UNKNOWN,UNKNOWN,originNotMisrepresented,BSDZlibAck,BSDZlibAltered,doNotRemove,UNKNOWN
/zlib-1.2.11.tar.gz_extracted/examples/gzjoin.c;UNKNOWN;0;0;0;6;2;AllRights,simpleAsIs,UNKNOWN,UNKNOWN,originNotMisrepresented,BSDZlibAck,BSDZlibAltered,doNotRemove
/zlib-1.2.11.tar.gz_extracted/examples/README.examples;NONE
/zlib-1.2.11.tar.gz_extracted/examples/zlib_how.html;UNKNOWN;0;0;0;2;1;Copyright-TOOLONG,UNKNOWN,Copyright-TOOLONG
/zlib-1.2.11.tar.gz_extracted/examples/zran.c;UNKNOWN;0;0;0;1;0;Copyright
/zlib-1.2.11.tar.gz_extracted/examples/gun.c;UNKNOWN;0;0;0;1;0;Copyright
/zlib-1.2.11.tar.gz_extracted/INDEX;NONE
/zlib-1.2.11.tar.gz_extracted/CMakeLists.txt;NONE
/zlib-1.2.11.tar.gz_extracted/gzguts.h;UNKNOWN;0;0;0;1;0;Copyright
/zlib-1.2.11.tar.gz_extracted/crc32.h;NONE
/zlib-1.2.11.tar.gz_extracted/qnx/package.qpg;UNKNOWN;0;0;0;0;1;UNKNOWN
/zlib-1.2.11.tar.gz_extracted/make_vms.com;NONE
/zlib-1.2.11.tar.gz_extracted/zlib.3.pdf;UNKNOWN;0;0;0;0;2;UNKNOWN,UNKNOWN
/zlib-1.2.11.tar.gz_extracted/zlib.h;UNKNOWN;0;0;0;6;5;Copyright,simpleAsIs,UNKNOWN,UNKNOWN,originNotMisrepresented,BSDZlibAck,BSDZlibAltered,doNotRemove,UNKNOWN,UNKNOWN,UNKNOWN
/zlib-1.2.11.tar.gz_extracted/msdos/Makefile.dj2;ZLIBref;1;1;0;1;0;Copyright,1
/zlib-1.2.11.tar.gz_extracted/msdos/Makefile.bor;UNKNOWN;0;0;0;0;1;UNKNOWN
/zlib-1.2.11.tar.gz_extracted/msdos/Makefile.emx;ZLIBref;1;1;0;1;0;Copyright,1
/zlib-1.2.11.tar.gz_extracted/msdos/Makefile.tc;UNKNOWN;0;0;0;0;1;UNKNOWN
/zlib-1.2.11.tar.gz_extracted/msdos/Makefile.msc;UNKNOWN;0;0;0;0;1;UNKNOWN
/zlib-1.2.11.tar.gz_extracted/gzread.c;UNKNOWN;0;0;0;1;0;Copyright
/zlib-1.2.11.tar.gz_extracted/trees.c;UNKNOWN;0;0;0;1;0;Copyright
/zlib-1.2.11.tar.gz_extracted/zutil.h;UNKNOWN;0;0;0;1;1;Copyright-TOOLONG,UNKNOWN
/zlib-1.2.11.tar.gz_extracted/infback.c;UNKNOWN;0;0;0;1;0;Copyright
/zlib-1.2.11.tar.gz_extracted/zlib.3;UNKNOWN;0;0;0;4;3;Copyright,UNKNOWN,UNKNOWN,UNKNOWN,BSDZlibAck,BSDZlibAltered,doNotRemove
/zlib-1.2.11.tar.gz_extracted/gzwrite.c;UNKNOWN;0;0;0;1;0;Copyright
/zlib-1.2.11.tar.gz_extracted/zconf.h;UNKNOWN;0;0;0;1;0;Copyright
/zlib-1.2.11.tar.gz_extracted/inffast.h;UNKNOWN;0;0;0;1;1;Copyright,UNKNOWN
/zlib-1.2.11.tar.gz_extracted/zlib.map;NONE
/zlib-1.2.11.tar.gz_extracted/inffixed.h;UNKNOWN;0;0;0;0;1;UNKNOWN
/zlib-1.2.11.tar.gz_extracted/compress.c;UNKNOWN;0;0;0;1;0;Copyright
/zlib-1.2.11.tar.gz_extracted/win32/zlib.def;NONE
/zlib-1.2.11.tar.gz_extracted/win32/DLL_FAQ.txt;UNKNOWN;0;0;0;0;8;UNKNOWN,UNKNOWN,UNKNOWN,UNKNOWN,UNKNOWN,UNKNOWN,UNKNOWN,UNKNOWN
/zlib-1.2.11.tar.gz_extracted/win32/README-WIN32.txt;UNKNOWN;0;0;0;6;7;UNKNOWN,UNKNOWN,Copyright,simpleAsIs,UNKNOWN,UNKNOWN,originNotMisrepresented,BSDZlibAck,BSDZlibAltered,doNotRemove,UNKNOWN,UNKNOWN,UNKNOWN
/zlib-1.2.11.tar.gz_extracted/win32/Makefile.bor;NONE
/zlib-1.2.11.tar.gz_extracted/win32/VisualC.txt;NONE
/zlib-1.2.11.tar.gz_extracted/win32/Makefile.msc;UNKNOWN;0;0;0;1;0;Copyright
/zlib-1.2.11.tar.gz_extracted/win32/zlib1.rc;NONE
/zlib-1.2.11.tar.gz_extracted/win32/Makefile.gcc;ZLIBref;1;1;0;1;0;Copyright,1
/zlib-1.2.11.tar.gz_extracted/deflate.h;UNKNOWN;0;0;0;1;1;Copyright,UNKNOWN
/zlib-1.2.11.tar.gz_extracted/treebuild.xml;NONE
/zlib-1.2.11.tar.gz_extracted/FAQ;UNKNOWN;0;0;0;0;16;UNKNOWN,UNKNOWN,UNKNOWN,UNKNOWN,UNKNOWN,UNKNOWN,UNKNOWN,UNKNOWN,UNKNOWN,UNKNOWN,UNKNOWN,UNKNOWN,UNKNOWN,UNKNOWN,UNKNOWN,UNKNOWN
/zlib-1.2.11.tar.gz_extracted/inflate.c;UNKNOWN;0;0;0;1;5;Copyright,UNKNOWN,UNKNOWN,UNKNOWN,UNKNOWN,UNKNOWN
/zlib-1.2.11.tar.gz_extracted/amiga/Makefile.sas;UNKNOWN;0;0;0;0;1;UNKNOWN
/zlib-1.2.11.tar.gz_extracted/amiga/Makefile.pup;UNKNOWN;0;0;0;1;0;Copyright-TOOLONG
/zlib-1.2.11.tar.gz_extracted/zlib.pc.cmakein;NONE
/zlib-1.2.11.tar.gz_extracted/Makefile;NONE
/zlib-1.2.11.tar.gz_extracted/adler32.c;UNKNOWN;0;0;0;1;0;Copyright
/zlib-1.2.11.tar.gz_extracted/Makefile.in;UNKNOWN;0;0;0;1;0;Copyright
/zlib-1.2.11.tar.gz_extracted/os400/zlib.inc;NONE
/zlib-1.2.11.tar.gz_extracted/os400/README400;NONE
/zlib-1.2.11.tar.gz_extracted/os400/make.sh;UNKNOWN;0;0;0;1;0;Copyright-TOOLONG
/zlib-1.2.11.tar.gz_extracted/os400/bndsrc;NONE
/zlib-1.2.11.tar.gz_extracted/zconf.h.cmakein;UNKNOWN;0;0;0;1;0;Copyright
/zlib-1.2.11.tar.gz_extracted/doc/rfc1950.txt;UNKNOWN;0;0;0;1;8;Copyright,UNKNOWN,UNKNOWN,UNKNOWN,UNKNOWN,UNKNOWN,UNKNOWN,UNKNOWN,UNKNOWN
/zlib-1.2.11.tar.gz_extracted/doc/rfc1951.txt;UNKNOWN;0;0;0;1;8;Copyright,UNKNOWN,UNKNOWN,UNKNOWN,UNKNOWN,UNKNOWN,UNKNOWN,UNKNOWN,UNKNOWN
/zlib-1.2.11.tar.gz_extracted/doc/rfc1952.txt;SeeFile;1;1;0;1;8;Copyright,UNKNOWN,UNKNOWN,UNKNOWN,UNKNOWN,UNKNOWN,UNKNOWN,UNKNOWN,1,UNKNOWN
/zlib-1.2.11.tar.gz_extracted/doc/txtvsbin.txt;UNKNOWN;0;0;0;0;1;UNKNOWN
/zlib-1.2.11.tar.gz_extracted/doc/algorithm.txt;UNKNOWN;0;0;0;0;2;UNKNOWN,UNKNOWN
/zlib-1.2.11.tar.gz_extracted/crc32.c;UNKNOWN;0;0;0;1;1;Copyright,UNKNOWN
/zlib-1.2.11.tar.gz_extracted/gzlib.c;UNKNOWN;0;0;0;1;0;Copyright
/zlib-1.2.11.tar.gz_extracted/test/infcover.c;UNKNOWN;0;0;0;1;0;Copyright-TOOLONG
/zlib-1.2.11.tar.gz_extracted/test/minigzip.c;UNKNOWN;0;0;0;1;0;Copyright
/zlib-1.2.11.tar.gz_extracted/test/example.c;UNKNOWN;0;0;0;1;0;Copyright
/zlib-1.2.11.tar.gz_extracted/inflate.h;UNKNOWN;0;0;0;1;1;Copyright,UNKNOWN
/zlib-1.2.11.tar.gz_extracted/watcom/watcom_f.mak;NONE
/zlib-1.2.11.tar.gz_extracted/watcom/watcom_l.mak;NONE
/zlib-1.2.11.tar.gz_extracted/zconf.h.in;UNKNOWN;0;0;0;1;0;Copyright
/zlib-1.2.11.tar.gz_extracted/nintendods/Makefile;NONE
/zlib-1.2.11.tar.gz_extracted/nintendods/README;NONE
/zlib-1.2.11.tar.gz_extracted/deflate.c;UNKNOWN;0;0;0;1;2;Copyright,UNKNOWN,UNKNOWN
/zlib-1.2.11.tar.gz_extracted/zlib.pc.in;NONE
/zlib-1.2.11.tar.gz_extracted/trees.h;NONE
/zlib-1.2.11.tar.gz_extracted/ChangeLog;UNKNOWN;0;0;0;0;2;UNKNOWN,UNKNOWN
/zlib-1.2.11.tar.gz_extracted/old/visual-basic.txt;NONE
/zlib-1.2.11.tar.gz_extracted/old/os2/zlib.def;NONE
/zlib-1.2.11.tar.gz_extracted/old/os2/Makefile.os2;UNKNOWN;0;0;0;0;1;UNKNOWN
/zlib-1.2.11.tar.gz_extracted/old/Makefile.riscos;NONE
/zlib-1.2.11.tar.gz_extracted/old/Makefile.emx;ZLIBref;1;1;0;1;0;Copyright,1
/zlib-1.2.11.tar.gz_extracted/old/descrip.mms;NONE
/zlib-1.2.11.tar.gz_extracted/old/README;NONE
/zlib-1.2.11.tar.gz_extracted/contrib/vstudio/vc9/zlibvc.def;NONE
/zlib-1.2.11.tar.gz_extracted/contrib/vstudio/vc9/zlibvc.sln;NONE
/zlib-1.2.11.tar.gz_extracted/contrib/vstudio/vc9/testzlib.vcproj;NONE
/zlib-1.2.11.tar.gz_extracted/contrib/vstudio/vc9/minizip.vcproj;NONE
/zlib-1.2.11.tar.gz_extracted/contrib/vstudio/vc9/zlibvc.vcproj;NONE
/zlib-1.2.11.tar.gz_extracted/contrib/vstudio/vc9/zlibstat.vcproj;NONE
/zlib-1.2.11.tar.gz_extracted/contrib/vstudio/vc9/testzlibdll.vcproj;NONE
/zlib-1.2.11.tar.gz_extracted/contrib/vstudio/vc9/zlib.rc;NONE
/zlib-1.2.11.tar.gz_extracted/contrib/vstudio/vc9/miniunz.vcproj;NONE
/zlib-1.2.11.tar.gz_extracted/contrib/vstudio/readme.txt;UNKNOWN;0;0;0;0;2;UNKNOWN,UNKNOWN
/zlib-1.2.11.tar.gz_extracted/contrib/vstudio/vc10/testzlib.vcxproj.filters;NONE
/zlib-1.2.11.tar.gz_extracted/contrib/vstudio/vc10/minizip.vcxproj;NONE
/zlib-1.2.11.tar.gz_extracted/contrib/vstudio/vc10/testzlib.vcxproj;NONE
/zlib-1.2.11.tar.gz_extracted/contrib/vstudio/vc10/zlibvc.vcxproj;NONE
/zlib-1.2.11.tar.gz_extracted/contrib/vstudio/vc10/zlibvc.def;NONE
/zlib-1.2.11.tar.gz_extracted/contrib/vstudio/vc10/zlibvc.sln;NONE
/zlib-1.2.11.tar.gz_extracted/contrib/vstudio/vc10/testzlibdll.vcxproj.filters;NONE
/zlib-1.2.11.tar.gz_extracted/contrib/vstudio/vc10/minizip.vcxproj.filters;NONE
/zlib-1.2.11.tar.gz_extracted/contrib/vstudio/vc10/miniunz.vcxproj;NONE
/zlib-1.2.11.tar.gz_extracted/contrib/vstudio/vc10/testzlibdll.vcxproj;NONE
/zlib-1.2.11.tar.gz_extracted/contrib/vstudio/vc10/zlibstat.vcxproj.filters;NONE
/zlib-1.2.11.tar.gz_extracted/contrib/vstudio/vc10/zlibstat.vcxproj;NONE
/zlib-1.2.11.tar.gz_extracted/contrib/vstudio/vc10/miniunz.vcxproj.filters;NONE
/zlib-1.2.11.tar.gz_extracted/contrib/vstudio/vc10/zlib.rc;NONE
/zlib-1.2.11.tar.gz_extracted/contrib/vstudio/vc10/zlibvc.vcxproj.filters;NONE
/zlib-1.2.11.tar.gz_extracted/contrib/vstudio/vc14/minizip.vcxproj;NONE
/zlib-1.2.11.tar.gz_extracted/contrib/vstudio/vc14/testzlib.vcxproj;NONE
/zlib-1.2.11.tar.gz_extracted/contrib/vstudio/vc14/zlibvc.vcxproj;NONE
/zlib-1.2.11.tar.gz_extracted/contrib/vstudio/vc14/zlibvc.def;NONE
/zlib-1.2.11.tar.gz_extracted/contrib/vstudio/vc14/zlibvc.sln;NONE
/zlib-1.2.11.tar.gz_extracted/contrib/vstudio/vc14/miniunz.vcxproj;NONE
/zlib-1.2.11.tar.gz_extracted/contrib/vstudio/vc14/testzlibdll.vcxproj;NONE
/zlib-1.2.11.tar.gz_extracted/contrib/vstudio/vc14/zlibstat.vcxproj;NONE
/zlib-1.2.11.tar.gz_extracted/contrib/vstudio/vc14/zlib.rc;NONE
/zlib-1.2.11.tar.gz_extracted/contrib/vstudio/vc11/minizip.vcxproj;NONE
/zlib-1.2.11.tar.gz_extracted/contrib/vstudio/vc11/testzlib.vcxproj;NONE
/zlib-1.2.11.tar.gz_extracted/contrib/vstudio/vc11/zlibvc.vcxproj;NONE
/zlib-1.2.11.tar.gz_extracted/contrib/vstudio/vc11/zlibvc.def;NONE
/zlib-1.2.11.tar.gz_extracted/contrib/vstudio/vc11/zlibvc.sln;NONE
/zlib-1.2.11.tar.gz_extracted/contrib/vstudio/vc11/miniunz.vcxproj;NONE
/zlib-1.2.11.tar.gz_extracted/contrib/vstudio/vc11/testzlibdll.vcxproj;NONE
/zlib-1.2.11.tar.gz_extracted/contrib/vstudio/vc11/zlibstat.vcxproj;NONE
/zlib-1.2.11.tar.gz_extracted/contrib/vstudio/vc11/zlib.rc;NONE
/zlib-1.2.11.tar.gz_extracted/contrib/vstudio/vc12/minizip.vcxproj;NONE
/zlib-1.2.11.tar.gz_extracted/contrib/vstudio/vc12/testzlib.vcxproj;NONE
/zlib-1.2.11.tar.gz_extracted/contrib/vstudio/vc12/zlibvc.vcxproj;NONE
/zlib-1.2.11.tar.gz_extracted/contrib/vstudio/vc12/zlibvc.def;NONE
/zlib-1.2.11.tar.gz_extracted/contrib/vstudio/vc12/zlibvc.sln;NONE
/zlib-1.2.11.tar.gz_extracted/contrib/vstudio/vc12/miniunz.vcxproj;NONE
/zlib-1.2.11.tar.gz_extracted/contrib/vstudio/vc12/testzlibdll.vcxproj;NONE
/zlib-1.2.11.tar.gz_extracted/contrib/vstudio/vc12/zlibstat.vcxproj;NONE
/zlib-1.2.11.tar.gz_extracted/contrib/vstudio/vc12/zlib.rc;NONE
/zlib-1.2.11.tar.gz_extracted/contrib/README.contrib;NONE
/zlib-1.2.11.tar.gz_extracted/contrib/minizip/minizip.1;NONE
/zlib-1.2.11.tar.gz_extracted/contrib/minizip/miniunz.c;UNKNOWN;0;0;0;3;0;Copyright,Copyright,Copyright
/zlib-1.2.11.tar.gz_extracted/contrib/minizip/crypt.h;UNKNOWN;0;0;0;1;3;Copyright,UNKNOWN,UNKNOWN,UNKNOWN
/zlib-1.2.11.tar.gz_extracted/contrib/minizip/unzip.h;UNKNOWN;0;0;0;8;2;Copyright,Copyright,Copyright,simpleAsIs,UNKNOWN,UNKNOWN,originNotMisrepresented,BSDZlibAck,BSDZlibAltered,doNotRemove
/zlib-1.2.11.tar.gz_extracted/contrib/minizip/make_vms.com;NONE
/zlib-1.2.11.tar.gz_extracted/contrib/minizip/mztools.h;UNKNOWN;0;0;0;0;1;UNKNOWN
/zlib-1.2.11.tar.gz_extracted/contrib/minizip/iowin32.h;UNKNOWN;0;0;0;2;0;Copyright,Copyright
/zlib-1.2.11.tar.gz_extracted/contrib/minizip/miniunzip.1;NONE
/zlib-1.2.11.tar.gz_extracted/contrib/minizip/minizip.pc.in;NONE
/zlib-1.2.11.tar.gz_extracted/contrib/minizip/zip.c;UNKNOWN;0;0;0;2;1;Copyright,Copyright,UNKNOWN
/zlib-1.2.11.tar.gz_extracted/contrib/minizip/MiniZip64_Changes.txt;NONE
/zlib-1.2.11.tar.gz_extracted/contrib/minizip/mztools.c;UNKNOWN;0;0;0;0;1;UNKNOWN
/zlib-1.2.11.tar.gz_extracted/contrib/minizip/MiniZip64_info.txt;UNKNOWN;0;0;0;6;3;Copyright,UNKNOWN,simpleAsIs,UNKNOWN,UNKNOWN,originNotMisrepresented,BSDZlibAck,BSDZlibAltered,doNotRemove
/zlib-1.2.11.tar.gz_extracted/contrib/minizip/Makefile.am;NONE
/zlib-1.2.11.tar.gz_extracted/contrib/minizip/configure.ac;NONE
/zlib-1.2.11.tar.gz_extracted/contrib/minizip/iowin32.c;UNKNOWN;0;0;0;2;0;Copyright,Copyright
/zlib-1.2.11.tar.gz_extracted/contrib/minizip/Makefile;NONE
/zlib-1.2.11.tar.gz_extracted/contrib/minizip/unzip.c;UNKNOWN;0;0;0;7;8;Copyright,Copyright,Copyright,UNKNOWN,Copyright,AllRights,UNKNOWN,UNKNOWN,UNKNOWN,UNKNOWN,UNKNOWN,UNKNOWN,Copyright,Copyright,UNKNOWN
/zlib-1.2.11.tar.gz_extracted/contrib/minizip/ioapi.h;UNKNOWN;0;0;0;2;0;Copyright,Copyright
/zlib-1.2.11.tar.gz_extracted/contrib/minizip/zip.h;UNKNOWN;0;0;0;7;2;Copyright,Copyright,simpleAsIs,UNKNOWN,UNKNOWN,originNotMisrepresented,BSDZlibAck,BSDZlibAltered,doNotRemove
/zlib-1.2.11.tar.gz_extracted/contrib/minizip/minizip.c;UNKNOWN;0;0;0;3;0;Copyright,Copyright,Copyright
/zlib-1.2.11.tar.gz_extracted/contrib/minizip/ioapi.c;UNKNOWN;0;0;0;2;0;Copyright,Copyright
/zlib-1.2.11.tar.gz_extracted/contrib/asm686/match.S;UNKNOWN;0;0;0;6;2;Copyright,simpleAsIs,UNKNOWN,UNKNOWN,originNotMisrepresented,BSDZlibAck,BSDZlibAltered,doNotRemove
/zlib-1.2.11.tar.gz_extracted/contrib/asm686/README.686;UNKNOWN;0;0;0;0;1;UNKNOWN
/zlib-1.2.11.tar.gz_extracted/contrib/puff/puff.c;UNKNOWN;0;0;0;1;1;Copyright,UNKNOWN
/zlib-1.2.11.tar.gz_extracted/contrib/puff/puff.h;UNKNOWN;0;0;0;6;2;AllRights,simpleAsIs,UNKNOWN,UNKNOWN,originNotMisrepresented,BSDZlibAck,BSDZlibAltered,doNotRemove
/zlib-1.2.11.tar.gz_extracted/contrib/puff/zeros.raw;NONE
/zlib-1.2.11.tar.gz_extracted/contrib/puff/pufftest.c;UNKNOWN;0;0;0;1;0;Copyright
/zlib-1.2.11.tar.gz_extracted/contrib/puff/Makefile;NONE
/zlib-1.2.11.tar.gz_extracted/contrib/puff/README;NONE
/zlib-1.2.11.tar.gz_extracted/contrib/pascal/zlibd32.mak;NONE
/zlib-1.2.11.tar.gz_extracted/contrib/pascal/readme.txt;UNKNOWN;0;0;0;11;3;UNKNOWN,Copyright,Copyright,Copyright,Copyright,Copyright,Copyright,simpleAsIs,UNKNOWN,UNKNOWN,originNotMisrepresented,BSDZlibAck,BSDZlibAltered,doNotRemove
/zlib-1.2.11.tar.gz_extracted/contrib/pascal/zlibpas.pas;UNKNOWN;0;0;0;1;1;Copyright,UNKNOWN
/zlib-1.2.11.tar.gz_extracted/contrib/pascal/example.pas;ZLIBref;1;1;0;3;2;Copyright,1,Copyright,UNKNOWN,Copyright,UNKNOWN
/zlib-1.2.11.tar.gz_extracted/contrib/infback9/infback9.h;UNKNOWN;0;0;0;1;0;Copyright
/zlib-1.2.11.tar.gz_extracted/contrib/infback9/inftree9.h;UNKNOWN;0;0;0;1;1;Copyright,UNKNOWN
/zlib-1.2.11.tar.gz_extracted/contrib/infback9/inflate9.h;UNKNOWN;0;0;0;1;1;Copyright,UNKNOWN
/zlib-1.2.11.tar.gz_extracted/contrib/infback9/inffix9.h;UNKNOWN;0;0;0;0;1;UNKNOWN
/zlib-1.2.11.tar.gz_extracted/contrib/infback9/inftree9.c;UNKNOWN;0;0;0;1;2;Copyright,UNKNOWN,UNKNOWN
/zlib-1.2.11.tar.gz_extracted/contrib/infback9/infback9.c;UNKNOWN;0;0;0;1;1;Copyright,UNKNOWN
/zlib-1.2.11.tar.gz_extracted/contrib/infback9/README;NONE
/zlib-1.2.11.tar.gz_extracted/contrib/iostream/zfstream.cpp;NONE
/zlib-1.2.11.tar.gz_extracted/contrib/iostream/test.cpp;NONE
/zlib-1.2.11.tar.gz_extracted/contrib/iostream/zfstream.h;NONE
/zlib-1.2.11.tar.gz_extracted/contrib/ada/zlib.adb;UNKNOWN;0;0;0;1;1;Copyright,UNKNOWN
/zlib-1.2.11.tar.gz_extracted/contrib/ada/zlib.gpr;NONE
/zlib-1.2.11.tar.gz_extracted/contrib/ada/zlib-thin.adb;UNKNOWN;0;0;0;1;1;Copyright,UNKNOWN
/zlib-1.2.11.tar.gz_extracted/contrib/ada/test.adb;UNKNOWN;0;0;0;1;1;Copyright,UNKNOWN
/zlib-1.2.11.tar.gz_extracted/contrib/ada/zlib-streams.ads;UNKNOWN;0;0;0;1;1;Copyright,UNKNOWN
/zlib-1.2.11.tar.gz_extracted/contrib/ada/mtest.adb;UNKNOWN;0;0;0;1;1;Copyright,UNKNOWN
/zlib-1.2.11.tar.gz_extracted/contrib/ada/readme.txt;NONE
/zlib-1.2.11.tar.gz_extracted/contrib/ada/zlib-streams.adb;UNKNOWN;0;0;0;1;1;Copyright,UNKNOWN
/zlib-1.2.11.tar.gz_extracted/contrib/ada/read.adb;UNKNOWN;0;0;0;1;2;Copyright,UNKNOWN,UNKNOWN
/zlib-1.2.11.tar.gz_extracted/contrib/ada/zlib-thin.ads;UNKNOWN;0;0;0;1;1;Copyright,UNKNOWN
/zlib-1.2.11.tar.gz_extracted/contrib/ada/buffer_demo.adb;UNKNOWN;0;0;0;1;1;Copyright,UNKNOWN
/zlib-1.2.11.tar.gz_extracted/contrib/ada/zlib.ads;GPLv2+;1;1;3;2;1;Copyright,1,-1,-1,-1,ExceptionVer0-TOOLONG,UNKNOWN
/zlib-1.2.11.tar.gz_extracted/contrib/masmx64/bld_ml64.bat;NONE
/zlib-1.2.11.tar.gz_extracted/contrib/masmx64/inffas8664.c;UNKNOWN;0;0;0;2;0;Copyright,Copyright
/zlib-1.2.11.tar.gz_extracted/contrib/masmx64/readme.txt;NONE
/zlib-1.2.11.tar.gz_extracted/contrib/masmx64/gvmat64.asm;UNKNOWN;0;0;0;6;2;Copyright-TOOLONG,simpleAsIs,UNKNOWN,UNKNOWN,originNotMisrepresented,BSDZlibAck,BSDZlibAltered,doNotRemove
/zlib-1.2.11.tar.gz_extracted/contrib/masmx64/inffasx64.asm;NONE
/zlib-1.2.11.tar.gz_extracted/contrib/dotzlib/LICENSE_1_0.txt;UNKNOWN;0;0;0;3;2;UNKNOWN,UNKNOWN,boostPreserve,boostAsIs,boostWarr
/zlib-1.2.11.tar.gz_extracted/contrib/dotzlib/readme.txt;boost-1,boost-1ref;2;2;0;1;1;UNKNOWN,Copyright,1,1
/zlib-1.2.11.tar.gz_extracted/contrib/dotzlib/DotZLib.chm;NONE
/zlib-1.2.11.tar.gz_extracted/contrib/dotzlib/DotZLib.sln;NONE
/zlib-1.2.11.tar.gz_extracted/contrib/dotzlib/DotZLib.build;NONE
/zlib-1.2.11.tar.gz_extracted/contrib/dotzlib/DotZLib/AssemblyInfo.cs;NONE
/zlib-1.2.11.tar.gz_extracted/contrib/dotzlib/DotZLib/ChecksumImpl.cs;boost-1,boost-1ref;2;2;0;0;2;UNKNOWN,1,1,UNKNOWN
/zlib-1.2.11.tar.gz_extracted/contrib/dotzlib/DotZLib/Deflater.cs;boost-1,boost-1ref;2;2;0;0;1;UNKNOWN,1,1
/zlib-1.2.11.tar.gz_extracted/contrib/dotzlib/DotZLib/Inflater.cs;boost-1,boost-1ref;2;2;0;0;1;UNKNOWN,1,1
/zlib-1.2.11.tar.gz_extracted/contrib/dotzlib/DotZLib/UnitTests.cs;boost-1,boost-1ref;2;2;0;0;1;UNKNOWN,1,1
/zlib-1.2.11.tar.gz_extracted/contrib/dotzlib/DotZLib/GZipStream.cs;boost-1,boost-1ref;2;2;0;0;1;UNKNOWN,1,1
/zlib-1.2.11.tar.gz_extracted/contrib/dotzlib/DotZLib/CodecBase.cs;boost-1,boost-1ref;2;2;0;0;2;UNKNOWN,1,1,UNKNOWN
/zlib-1.2.11.tar.gz_extracted/contrib/dotzlib/DotZLib/DotZLib.cs;boost-1,boost-1ref;2;2;0;0;1;UNKNOWN,1,1
/zlib-1.2.11.tar.gz_extracted/contrib/dotzlib/DotZLib/CircularBuffer.cs;boost-1,boost-1ref;2;2;0;0;1;UNKNOWN,1,1
/zlib-1.2.11.tar.gz_extracted/contrib/dotzlib/DotZLib/DotZLib.csproj;NONE
/zlib-1.2.11.tar.gz_extracted/contrib/iostream2/zstream.h;UNKNOWN;0;0;0;3;2;Copyright,UNKNOWN,MITnorep,MITasis,UNKNOWN
/zlib-1.2.11.tar.gz_extracted/contrib/iostream2/zstream_test.cpp;NONE
/zlib-1.2.11.tar.gz_extracted/contrib/amd64/amd64-match.S;UNKNOWN;0;0;0;0;1;UNKNOWN
/zlib-1.2.11.tar.gz_extracted/contrib/testzlib/testzlib.c;NONE
/zlib-1.2.11.tar.gz_extracted/contrib/testzlib/testzlib.txt;NONE
/zlib-1.2.11.tar.gz_extracted/contrib/masmx86/readme.txt;NONE
/zlib-1.2.11.tar.gz_extracted/contrib/masmx86/match686.asm;UNKNOWN;0;0;0;7;3;Copyright-TOOLONG,UNKNOWN,Copyright-TOOLONG,simpleAsIs,UNKNOWN,UNKNOWN,originNotMisrepresented,BSDZlibAck,BSDZlibAltered,doNotRemove
/zlib-1.2.11.tar.gz_extracted/contrib/masmx86/inffas32.asm;UNKNOWN;0;0;0;2;1;Copyright,Copyright,UNKNOWN
/zlib-1.2.11.tar.gz_extracted/contrib/masmx86/bld_ml32.bat;NONE
/zlib-1.2.11.tar.gz_extracted/contrib/gcc_gvmat64/gvmat64.S;UNKNOWN;0;0;0;6;2;Copyright-TOOLONG,simpleAsIs,UNKNOWN,UNKNOWN,originNotMisrepresented,BSDZlibAck,BSDZlibAltered,doNotRemove
/zlib-1.2.11.tar.gz_extracted/contrib/iostream3/zfstream.cc;NONE
/zlib-1.2.11.tar.gz_extracted/contrib/iostream3/test.cc;NONE
/zlib-1.2.11.tar.gz_extracted/contrib/iostream3/zfstream.h;NONE
/zlib-1.2.11.tar.gz_extracted/contrib/iostream3/TODO;NONE
/zlib-1.2.11.tar.gz_extracted/contrib/iostream3/README;UNKNOWN;0;0;0;0;1;UNKNOWN
/zlib-1.2.11.tar.gz_extracted/contrib/delphi/zlibd32.mak;NONE
/zlib-1.2.11.tar.gz_extracted/contrib/delphi/readme.txt;UNKNOWN;0;0;0;1;1;UNKNOWN,Copyright
/zlib-1.2.11.tar.gz_extracted/contrib/delphi/ZLibConst.pas;NONE
/zlib-1.2.11.tar.gz_extracted/contrib/delphi/ZLib.pas;UNKNOWN;0;0;0;1;0;Copyright-TOOLONG
/zlib-1.2.11.tar.gz_extracted/contrib/untgz/Makefile;NONE
/zlib-1.2.11.tar.gz_extracted/contrib/untgz/Makefile.msc;NONE
/zlib-1.2.11.tar.gz_extracted/contrib/untgz/untgz.c;NONE
/zlib-1.2.11.tar.gz_extracted/contrib/inflate86/inffast.S;UNKNOWN;0;0;0;2;1;Copyright,Copyright,UNKNOWN
/zlib-1.2.11.tar.gz_extracted/contrib/inflate86/inffas86.c;UNKNOWN;0;0;0;2;0;Copyright,Copyright
/zlib-1.2.11.tar.gz_extracted/contrib/blast/test.pk;NONE
/zlib-1.2.11.tar.gz_extracted/contrib/blast/Makefile;NONE
/zlib-1.2.11.tar.gz_extracted/contrib/blast/blast.c;UNKNOWN;0;0;0;1;3;Copyright,UNKNOWN,UNKNOWN,UNKNOWN
/zlib-1.2.11.tar.gz_extracted/contrib/blast/test.txt;NONE
/zlib-1.2.11.tar.gz_extracted/contrib/blast/blast.h;UNKNOWN;0;0;0;6;2;Copyright,simpleAsIs,UNKNOWN,UNKNOWN,originNotMisrepresented,BSDZlibAck,BSDZlibAltered,doNotRemove
/zlib-1.2.11.tar.gz_extracted/contrib/blast/README;NONE
/zlib-1.2.11.tar.gz_extracted/zlib2ansi;NONE
/zlib-1.2.11.tar.gz_extracted/uncompr.c;UNKNOWN;0;0;0;1;0;Copyright
/zlib-1.2.11.tar.gz_extracted/README;UNKNOWN;0;0;0;6;5;Copyright,simpleAsIs,UNKNOWN,UNKNOWN,originNotMisrepresented,BSDZlibAck,BSDZlibAltered,doNotRemove,UNKNOWN,UNKNOWN,UNKNOWN
/zlib-1.2.11.tar.gz_extracted/inftrees.h;UNKNOWN;0;0;0;1;1;Copyright,UNKNOWN
