/libpng-1.6.34.tar.gz/ANNOUNCE;Libpng;
/libpng-1.6.34.tar.gz/CHANGES;Libpng;
/libpng-1.6.34.tar.gz/CMakeLists.txt;Libpng;
/libpng-1.6.34.tar.gz/INSTALL;Libpng;
/libpng-1.6.34.tar.gz/LICENSE;Libpng;
/libpng-1.6.34.tar.gz/Makefile.am;Libpng;
/libpng-1.6.34.tar.gz/Makefile.in;Libpng;
/libpng-1.6.34.tar.gz/README;Libpng;
/libpng-1.6.34.tar.gz/TODO;Libpng;
/libpng-1.6.34.tar.gz/aclocal.m4;Libpng;
/libpng-1.6.34.tar.gz/armarm_init.c;Libpng;
/libpng-1.6.34.tar.gz/armfilter_neon.S;Libpng;
/libpng-1.6.34.tar.gz/armfilter_neon_intrinsics.c;Libpng;
/libpng-1.6.34.tar.gz/autogen.sh;Libpng;
/libpng-1.6.34.tar.gz/compile;Libpng;
/libpng-1.6.34.tar.gz/config.guess;Libpng;
/libpng-1.6.34.tar.gz/config.h.in;Libpng;
/libpng-1.6.34.tar.gz/config.sub;Libpng;
/libpng-1.6.34.tar.gz/configure;Libpng;
/libpng-1.6.34.tar.gz/configure.ac;Libpng;
/libpng-1.6.34.tar.gz/contribREADME.txt;Libpng;
/libpng-1.6.34.tar.gz/contrib/arm-neonREADME;Libpng;
/libpng-1.6.34.tar.gz/contrib/arm-neonandroid-ndk.c;Libpng;
/libpng-1.6.34.tar.gz/contrib/arm-neonlinux-auxv.c;Libpng;
/libpng-1.6.34.tar.gz/contrib/arm-neonlinux.c;Libpng;
/libpng-1.6.34.tar.gz/contrib/conftestREADME;Libpng;
/libpng-1.6.34.tar.gz/contrib/conftestpngcp.dfa;Libpng;
/libpng-1.6.34.tar.gz/contrib/conftestread.dfa;Libpng;
/libpng-1.6.34.tar.gz/contrib/conftests_read.dfa;Libpng;
/libpng-1.6.34.tar.gz/contrib/conftests_write.dfa;Libpng;
/libpng-1.6.34.tar.gz/contrib/conftestsimple.dfa;Libpng;
/libpng-1.6.34.tar.gz/contrib/conftestwrite.dfa;Libpng;
/libpng-1.6.34.tar.gz/contrib/examplesREADME.txt;Libpng;
/libpng-1.6.34.tar.gz/contrib/examplesiccfrompng.c;Libpng;
/libpng-1.6.34.tar.gz/contrib/examplespngpixel.c;Libpng;
/libpng-1.6.34.tar.gz/contrib/examplespngtopng.c;Libpng;
/libpng-1.6.34.tar.gz/contrib/examplessimpleover.c;Libpng;
/libpng-1.6.34.tar.gz/contrib/gregbookCOPYING;GPL-2.0-only,eCos-2.0;
/libpng-1.6.34.tar.gz/contrib/gregbookLICENSE;GPL-2.0-only,eCos-2.0;
/libpng-1.6.34.tar.gz/contrib/gregbookMakefile.mingw32;GPL-2.0-only,eCos-2.0;
/libpng-1.6.34.tar.gz/contrib/gregbookMakefile.sgi;GPL-2.0-only,eCos-2.0;
/libpng-1.6.34.tar.gz/contrib/gregbookMakefile.unx;GPL-2.0-only,eCos-2.0;
/libpng-1.6.34.tar.gz/contrib/gregbookMakefile.w32;GPL-2.0-only,eCos-2.0;
/libpng-1.6.34.tar.gz/contrib/gregbookREADME;GPL-2.0-only,eCos-2.0;
/libpng-1.6.34.tar.gz/contrib/gregbookmakevms.com;GPL-2.0-only,eCos-2.0;
/libpng-1.6.34.tar.gz/contrib/gregbookreadpng.c;GPL-2.0-only,eCos-2.0;
/libpng-1.6.34.tar.gz/contrib/gregbookreadpng.h;GPL-2.0-only,eCos-2.0;
/libpng-1.6.34.tar.gz/contrib/gregbookreadpng2.c;GPL-2.0-only,eCos-2.0;
/libpng-1.6.34.tar.gz/contrib/gregbookreadpng2.h;GPL-2.0-only,eCos-2.0;
/libpng-1.6.34.tar.gz/contrib/gregbookreadppm.c;GPL-2.0-only,eCos-2.0;
/libpng-1.6.34.tar.gz/contrib/gregbookrpng-win.c;GPL-2.0-only,eCos-2.0;
/libpng-1.6.34.tar.gz/contrib/gregbookrpng-x.c;GPL-2.0-only,eCos-2.0;
/libpng-1.6.34.tar.gz/contrib/gregbookrpng2-win.c;GPL-2.0-only,eCos-2.0;
/libpng-1.6.34.tar.gz/contrib/gregbookrpng2-x.c;GPL-2.0-only,eCos-2.0;
/libpng-1.6.34.tar.gz/contrib/gregbooktoucan.png;GPL-2.0-only,eCos-2.0;
/libpng-1.6.34.tar.gz/contrib/gregbookwpng.c;GPL-2.0-only,eCos-2.0;
/libpng-1.6.34.tar.gz/contrib/gregbookwritepng.c;GPL-2.0-only,eCos-2.0;
/libpng-1.6.34.tar.gz/contrib/gregbookwritepng.h;GPL-2.0-only,eCos-2.0;
/libpng-1.6.34.tar.gz/contrib/libtestsfakepng.c;Libpng;
/libpng-1.6.34.tar.gz/contrib/libtestsgentests.sh;Libpng;
/libpng-1.6.34.tar.gz/contrib/libtestsmakepng.c;Libpng;
/libpng-1.6.34.tar.gz/contrib/libtestspngimage.c;Libpng;
/libpng-1.6.34.tar.gz/contrib/libtestspngstest-errors.h;Libpng;
/libpng-1.6.34.tar.gz/contrib/libtestspngstest.c;Libpng;
/libpng-1.6.34.tar.gz/contrib/libtestspngunknown.c;Libpng;
/libpng-1.6.34.tar.gz/contrib/libtestspngvalid.c;Libpng;
/libpng-1.6.34.tar.gz/contrib/libtestsreadpng.c;Libpng;
/libpng-1.6.34.tar.gz/contrib/libteststarith.c;Libpng;
/libpng-1.6.34.tar.gz/contrib/libteststimepng.c;Libpng;
/libpng-1.6.34.tar.gz/contrib/mips-msaREADME;Libpng;
/libpng-1.6.34.tar.gz/contrib/mips-msalinux.c;Libpng;
/libpng-1.6.34.tar.gz/contrib/oss-fuzzDockerfile;Libpng;
/libpng-1.6.34.tar.gz/contrib/oss-fuzzREADME.txt;Libpng;
/libpng-1.6.34.tar.gz/contrib/oss-fuzzbuild.sh;Libpng;
/libpng-1.6.34.tar.gz/contrib/oss-fuzzlibpng_read_fuzzer.cc;Libpng;
/libpng-1.6.34.tar.gz/contrib/oss-fuzzlibpng_read_fuzzer.options;Libpng;
/libpng-1.6.34.tar.gz/contrib/oss-fuzznewcc;Libpng;
/libpng-1.6.34.tar.gz/contrib/oss-fuzzpng.dict;Libpng;
/libpng-1.6.34.tar.gz/contrib/pngminimREADME;Libpng;
/libpng-1.6.34.tar.gz/contrib/pngminim/decoderREADME;Libpng;
/libpng-1.6.34.tar.gz/contrib/pngminim/decodermakefile;Libpng;
/libpng-1.6.34.tar.gz/contrib/pngminim/decoderpngusr.dfa;Libpng;
/libpng-1.6.34.tar.gz/contrib/pngminim/decoderpngusr.h;Libpng;
/libpng-1.6.34.tar.gz/contrib/pngminim/encoderREADME;Libpng;
/libpng-1.6.34.tar.gz/contrib/pngminim/encodermakefile;Libpng;
/libpng-1.6.34.tar.gz/contrib/pngminim/encoderpngusr.dfa;Libpng;
/libpng-1.6.34.tar.gz/contrib/pngminim/encoderpngusr.h;Libpng;
/libpng-1.6.34.tar.gz/contrib/pngminim/preaderREADME;Libpng;
/libpng-1.6.34.tar.gz/contrib/pngminim/preadermakefile;Libpng;
/libpng-1.6.34.tar.gz/contrib/pngminim/preaderpngusr.dfa;Libpng;
/libpng-1.6.34.tar.gz/contrib/pngminim/preaderpngusr.h;Libpng;
/libpng-1.6.34.tar.gz/contrib/pngminusREADME;Libpng;
/libpng-1.6.34.tar.gz/contrib/pngminusmakefile.std;Libpng;
/libpng-1.6.34.tar.gz/contrib/pngminusmakefile.tc3;Libpng;
/libpng-1.6.34.tar.gz/contrib/pngminusmakevms.com;Libpng;
/libpng-1.6.34.tar.gz/contrib/pngminuspng2pnm.bat;Libpng;
/libpng-1.6.34.tar.gz/contrib/pngminuspng2pnm.c;Libpng;
/libpng-1.6.34.tar.gz/contrib/pngminuspng2pnm.sh;Libpng;
/libpng-1.6.34.tar.gz/contrib/pngminuspngminus.bat;Libpng;
/libpng-1.6.34.tar.gz/contrib/pngminuspngminus.sh;Libpng;
/libpng-1.6.34.tar.gz/contrib/pngminuspnm2png.bat;Libpng;
/libpng-1.6.34.tar.gz/contrib/pngminuspnm2png.c;Libpng;
/libpng-1.6.34.tar.gz/contrib/pngminuspnm2png.sh;Libpng;
/libpng-1.6.34.tar.gz/contrib/pngsuiteREADME;Libpng;
/libpng-1.6.34.tar.gz/contrib/pngsuitebasn0g01.png;Libpng;
/libpng-1.6.34.tar.gz/contrib/pngsuitebasn0g02.png;Libpng;
/libpng-1.6.34.tar.gz/contrib/pngsuitebasn0g04.png;Libpng;
/libpng-1.6.34.tar.gz/contrib/pngsuitebasn0g08.png;Libpng;
/libpng-1.6.34.tar.gz/contrib/pngsuitebasn0g16.png;Libpng;
/libpng-1.6.34.tar.gz/contrib/pngsuitebasn2c08.png;Libpng;
/libpng-1.6.34.tar.gz/contrib/pngsuitebasn2c16.png;Libpng;
/libpng-1.6.34.tar.gz/contrib/pngsuitebasn3p01.png;Libpng;
/libpng-1.6.34.tar.gz/contrib/pngsuitebasn3p02.png;Libpng;
/libpng-1.6.34.tar.gz/contrib/pngsuitebasn3p04.png;Libpng;
/libpng-1.6.34.tar.gz/contrib/pngsuitebasn3p08.png;Libpng;
/libpng-1.6.34.tar.gz/contrib/pngsuitebasn4a08.png;Libpng;
/libpng-1.6.34.tar.gz/contrib/pngsuitebasn4a16.png;Libpng;
/libpng-1.6.34.tar.gz/contrib/pngsuitebasn6a08.png;Libpng;
/libpng-1.6.34.tar.gz/contrib/pngsuitebasn6a16.png;Libpng;
/libpng-1.6.34.tar.gz/contrib/pngsuiteftbbn0g01.png;Libpng;
/libpng-1.6.34.tar.gz/contrib/pngsuiteftbbn0g02.png;Libpng;
/libpng-1.6.34.tar.gz/contrib/pngsuiteftbbn0g04.png;Libpng;
/libpng-1.6.34.tar.gz/contrib/pngsuiteftbbn2c16.png;Libpng;
/libpng-1.6.34.tar.gz/contrib/pngsuiteftbbn3p08.png;Libpng;
/libpng-1.6.34.tar.gz/contrib/pngsuiteftbgn2c16.png;Libpng;
/libpng-1.6.34.tar.gz/contrib/pngsuiteftbgn3p08.png;Libpng;
/libpng-1.6.34.tar.gz/contrib/pngsuiteftbrn2c08.png;Libpng;
/libpng-1.6.34.tar.gz/contrib/pngsuiteftbwn0g16.png;Libpng;
/libpng-1.6.34.tar.gz/contrib/pngsuiteftbwn3p08.png;Libpng;
/libpng-1.6.34.tar.gz/contrib/pngsuiteftbyn3p08.png;Libpng;
/libpng-1.6.34.tar.gz/contrib/pngsuiteftp0n0g08.png;Libpng;
/libpng-1.6.34.tar.gz/contrib/pngsuiteftp0n2c08.png;Libpng;
/libpng-1.6.34.tar.gz/contrib/pngsuiteftp0n3p08.png;Libpng;
/libpng-1.6.34.tar.gz/contrib/pngsuiteftp1n3p08.png;Libpng;
/libpng-1.6.34.tar.gz/contrib/powerpc-vsxREADME;Libpng;
/libpng-1.6.34.tar.gz/contrib/powerpc-vsxlinux.c;Libpng;
/libpng-1.6.34.tar.gz/contrib/powerpc-vsxlinux_aux.c;Libpng;
/libpng-1.6.34.tar.gz/contrib/testpngs/crashersbad_iCCP.png;Libpng;
/libpng-1.6.34.tar.gz/contrib/testpngs/crashersbadadler.png;Libpng;
/libpng-1.6.34.tar.gz/contrib/testpngs/crashersbadcrc.png;Libpng;
/libpng-1.6.34.tar.gz/contrib/testpngs/crashersempty_ancillary_chunks.png;Libpng;
/libpng-1.6.34.tar.gz/contrib/testpngs/crashershuge_IDAT.png;Libpng;
/libpng-1.6.34.tar.gz/contrib/testpngs/crashershuge_bKGD_chunk.png;Libpng;
/libpng-1.6.34.tar.gz/contrib/testpngs/crashershuge_cHRM_chunk.png;Libpng;
/libpng-1.6.34.tar.gz/contrib/testpngs/crashershuge_eXIf_chunk.png;Libpng;
/libpng-1.6.34.tar.gz/contrib/testpngs/crashershuge_gAMA_chunk.png;Libpng;
/libpng-1.6.34.tar.gz/contrib/testpngs/crashershuge_hIST_chunk.png;Libpng;
/libpng-1.6.34.tar.gz/contrib/testpngs/crashershuge_iCCP_chunk.png;Libpng;
/libpng-1.6.34.tar.gz/contrib/testpngs/crashershuge_iTXt_chunk.png;Libpng;
/libpng-1.6.34.tar.gz/contrib/testpngs/crashershuge_juNK_unsafe_to_copy.png;Libpng;
/libpng-1.6.34.tar.gz/contrib/testpngs/crashershuge_juNk_safe_to_copy.png;Libpng;
/libpng-1.6.34.tar.gz/contrib/testpngs/crashershuge_pCAL_chunk.png;Libpng;
/libpng-1.6.34.tar.gz/contrib/testpngs/crashershuge_pHYs_chunk.png;Libpng;
/libpng-1.6.34.tar.gz/contrib/testpngs/crashershuge_sCAL_chunk.png;Libpng;
/libpng-1.6.34.tar.gz/contrib/testpngs/crashershuge_sPLT_chunk.png;Libpng;
/libpng-1.6.34.tar.gz/contrib/testpngs/crashershuge_sRGB_chunk.png;Libpng;
/libpng-1.6.34.tar.gz/contrib/testpngs/crashershuge_sTER_chunk.png;Libpng;
/libpng-1.6.34.tar.gz/contrib/testpngs/crashershuge_tEXt_chunk.png;Libpng;
/libpng-1.6.34.tar.gz/contrib/testpngs/crashershuge_tIME_chunk.png;Libpng;
/libpng-1.6.34.tar.gz/contrib/testpngs/crashershuge_zTXt_chunk.png;Libpng;
/libpng-1.6.34.tar.gz/contrib/testpngsgray-1-1.8-tRNS.png;Libpng;
/libpng-1.6.34.tar.gz/contrib/testpngsgray-1-1.8.png;Libpng;
/libpng-1.6.34.tar.gz/contrib/testpngsgray-1-linear-tRNS.png;Libpng;
/libpng-1.6.34.tar.gz/contrib/testpngsgray-1-linear.png;Libpng;
/libpng-1.6.34.tar.gz/contrib/testpngsgray-1-sRGB-tRNS.png;Libpng;
/libpng-1.6.34.tar.gz/contrib/testpngsgray-1-sRGB.png;Libpng;
/libpng-1.6.34.tar.gz/contrib/testpngsgray-1-tRNS.png;Libpng;
/libpng-1.6.34.tar.gz/contrib/testpngsgray-1.png;Libpng;
/libpng-1.6.34.tar.gz/contrib/testpngsgray-16-1.8-tRNS.png;Libpng;
/libpng-1.6.34.tar.gz/contrib/testpngsgray-16-1.8.png;Libpng;
/libpng-1.6.34.tar.gz/contrib/testpngsgray-16-linear-tRNS.png;Libpng;
/libpng-1.6.34.tar.gz/contrib/testpngsgray-16-linear.png;Libpng;
/libpng-1.6.34.tar.gz/contrib/testpngsgray-16-sRGB-tRNS.png;Libpng;
/libpng-1.6.34.tar.gz/contrib/testpngsgray-16-sRGB.png;Libpng;
/libpng-1.6.34.tar.gz/contrib/testpngsgray-16-tRNS.png;Libpng;
/libpng-1.6.34.tar.gz/contrib/testpngsgray-16.png;Libpng;
/libpng-1.6.34.tar.gz/contrib/testpngsgray-2-1.8-tRNS.png;Libpng;
/libpng-1.6.34.tar.gz/contrib/testpngsgray-2-1.8.png;Libpng;
/libpng-1.6.34.tar.gz/contrib/testpngsgray-2-linear-tRNS.png;Libpng;
/libpng-1.6.34.tar.gz/contrib/testpngsgray-2-linear.png;Libpng;
/libpng-1.6.34.tar.gz/contrib/testpngsgray-2-sRGB-tRNS.png;Libpng;
/libpng-1.6.34.tar.gz/contrib/testpngsgray-2-sRGB.png;Libpng;
/libpng-1.6.34.tar.gz/contrib/testpngsgray-2-tRNS.png;Libpng;
/libpng-1.6.34.tar.gz/contrib/testpngsgray-2.png;Libpng;
/libpng-1.6.34.tar.gz/contrib/testpngsgray-4-1.8-tRNS.png;Libpng;
/libpng-1.6.34.tar.gz/contrib/testpngsgray-4-1.8.png;Libpng;
/libpng-1.6.34.tar.gz/contrib/testpngsgray-4-linear-tRNS.png;Libpng;
/libpng-1.6.34.tar.gz/contrib/testpngsgray-4-linear.png;Libpng;
/libpng-1.6.34.tar.gz/contrib/testpngsgray-4-sRGB-tRNS.png;Libpng;
/libpng-1.6.34.tar.gz/contrib/testpngsgray-4-sRGB.png;Libpng;
/libpng-1.6.34.tar.gz/contrib/testpngsgray-4-tRNS.png;Libpng;
/libpng-1.6.34.tar.gz/contrib/testpngsgray-4.png;Libpng;
/libpng-1.6.34.tar.gz/contrib/testpngsgray-8-1.8-tRNS.png;Libpng;
/libpng-1.6.34.tar.gz/contrib/testpngsgray-8-1.8.png;Libpng;
/libpng-1.6.34.tar.gz/contrib/testpngsgray-8-linear-tRNS.png;Libpng;
/libpng-1.6.34.tar.gz/contrib/testpngsgray-8-linear.png;Libpng;
/libpng-1.6.34.tar.gz/contrib/testpngsgray-8-sRGB-tRNS.png;Libpng;
/libpng-1.6.34.tar.gz/contrib/testpngsgray-8-sRGB.png;Libpng;
/libpng-1.6.34.tar.gz/contrib/testpngsgray-8-tRNS.png;Libpng;
/libpng-1.6.34.tar.gz/contrib/testpngsgray-8.png;Libpng;
/libpng-1.6.34.tar.gz/contrib/testpngsgray-alpha-16-1.8.png;Libpng;
/libpng-1.6.34.tar.gz/contrib/testpngsgray-alpha-16-linear.png;Libpng;
/libpng-1.6.34.tar.gz/contrib/testpngsgray-alpha-16-sRGB.png;Libpng;
/libpng-1.6.34.tar.gz/contrib/testpngsgray-alpha-16.png;Libpng;
/libpng-1.6.34.tar.gz/contrib/testpngsgray-alpha-8-1.8.png;Libpng;
/libpng-1.6.34.tar.gz/contrib/testpngsgray-alpha-8-linear.png;Libpng;
/libpng-1.6.34.tar.gz/contrib/testpngsgray-alpha-8-sRGB.png;Libpng;
/libpng-1.6.34.tar.gz/contrib/testpngsgray-alpha-8.png;Libpng;
/libpng-1.6.34.tar.gz/contrib/testpngsmakepngs.sh;Libpng;
/libpng-1.6.34.tar.gz/contrib/testpngspalette-1-1.8-tRNS.png;Libpng;
/libpng-1.6.34.tar.gz/contrib/testpngspalette-1-1.8.png;Libpng;
/libpng-1.6.34.tar.gz/contrib/testpngspalette-1-linear-tRNS.png;Libpng;
/libpng-1.6.34.tar.gz/contrib/testpngspalette-1-linear.png;Libpng;
/libpng-1.6.34.tar.gz/contrib/testpngspalette-1-sRGB-tRNS.png;Libpng;
/libpng-1.6.34.tar.gz/contrib/testpngspalette-1-sRGB.png;Libpng;
/libpng-1.6.34.tar.gz/contrib/testpngspalette-1-tRNS.png;Libpng;
/libpng-1.6.34.tar.gz/contrib/testpngspalette-1.png;Libpng;
/libpng-1.6.34.tar.gz/contrib/testpngspalette-2-1.8-tRNS.png;Libpng;
/libpng-1.6.34.tar.gz/contrib/testpngspalette-2-1.8.png;Libpng;
/libpng-1.6.34.tar.gz/contrib/testpngspalette-2-linear-tRNS.png;Libpng;
/libpng-1.6.34.tar.gz/contrib/testpngspalette-2-linear.png;Libpng;
/libpng-1.6.34.tar.gz/contrib/testpngspalette-2-sRGB-tRNS.png;Libpng;
/libpng-1.6.34.tar.gz/contrib/testpngspalette-2-sRGB.png;Libpng;
/libpng-1.6.34.tar.gz/contrib/testpngspalette-2-tRNS.png;Libpng;
/libpng-1.6.34.tar.gz/contrib/testpngspalette-2.png;Libpng;
/libpng-1.6.34.tar.gz/contrib/testpngspalette-4-1.8-tRNS.png;Libpng;
/libpng-1.6.34.tar.gz/contrib/testpngspalette-4-1.8.png;Libpng;
/libpng-1.6.34.tar.gz/contrib/testpngspalette-4-linear-tRNS.png;Libpng;
/libpng-1.6.34.tar.gz/contrib/testpngspalette-4-linear.png;Libpng;
/libpng-1.6.34.tar.gz/contrib/testpngspalette-4-sRGB-tRNS.png;Libpng;
/libpng-1.6.34.tar.gz/contrib/testpngspalette-4-sRGB.png;Libpng;
/libpng-1.6.34.tar.gz/contrib/testpngspalette-4-tRNS.png;Libpng;
/libpng-1.6.34.tar.gz/contrib/testpngspalette-4.png;Libpng;
/libpng-1.6.34.tar.gz/contrib/testpngspalette-8-1.8-tRNS.png;Libpng;
/libpng-1.6.34.tar.gz/contrib/testpngspalette-8-1.8.png;Libpng;
/libpng-1.6.34.tar.gz/contrib/testpngspalette-8-linear-tRNS.png;Libpng;
/libpng-1.6.34.tar.gz/contrib/testpngspalette-8-linear.png;Libpng;
/libpng-1.6.34.tar.gz/contrib/testpngspalette-8-sRGB-tRNS.png;Libpng;
/libpng-1.6.34.tar.gz/contrib/testpngspalette-8-sRGB.png;Libpng;
/libpng-1.6.34.tar.gz/contrib/testpngspalette-8-tRNS.png;Libpng;
/libpng-1.6.34.tar.gz/contrib/testpngspalette-8.png;Libpng;
/libpng-1.6.34.tar.gz/contrib/testpngsrgb-16-1.8-tRNS.png;Libpng;
/libpng-1.6.34.tar.gz/contrib/testpngsrgb-16-1.8.png;Libpng;
/libpng-1.6.34.tar.gz/contrib/testpngsrgb-16-linear-tRNS.png;Libpng;
/libpng-1.6.34.tar.gz/contrib/testpngsrgb-16-linear.png;Libpng;
/libpng-1.6.34.tar.gz/contrib/testpngsrgb-16-sRGB-tRNS.png;Libpng;
/libpng-1.6.34.tar.gz/contrib/testpngsrgb-16-sRGB.png;Libpng;
/libpng-1.6.34.tar.gz/contrib/testpngsrgb-16-tRNS.png;Libpng;
/libpng-1.6.34.tar.gz/contrib/testpngsrgb-16.png;Libpng;
/libpng-1.6.34.tar.gz/contrib/testpngsrgb-8-1.8-tRNS.png;Libpng;
/libpng-1.6.34.tar.gz/contrib/testpngsrgb-8-1.8.png;Libpng;
/libpng-1.6.34.tar.gz/contrib/testpngsrgb-8-linear-tRNS.png;Libpng;
/libpng-1.6.34.tar.gz/contrib/testpngsrgb-8-linear.png;Libpng;
/libpng-1.6.34.tar.gz/contrib/testpngsrgb-8-sRGB-tRNS.png;Libpng;
/libpng-1.6.34.tar.gz/contrib/testpngsrgb-8-sRGB.png;Libpng;
/libpng-1.6.34.tar.gz/contrib/testpngsrgb-8-tRNS.png;Libpng;
/libpng-1.6.34.tar.gz/contrib/testpngsrgb-8.png;Libpng;
/libpng-1.6.34.tar.gz/contrib/testpngsrgb-alpha-16-1.8.png;Libpng;
/libpng-1.6.34.tar.gz/contrib/testpngsrgb-alpha-16-linear.png;Libpng;
/libpng-1.6.34.tar.gz/contrib/testpngsrgb-alpha-16-sRGB.png;Libpng;
/libpng-1.6.34.tar.gz/contrib/testpngsrgb-alpha-16.png;Libpng;
/libpng-1.6.34.tar.gz/contrib/testpngsrgb-alpha-8-1.8.png;Libpng;
/libpng-1.6.34.tar.gz/contrib/testpngsrgb-alpha-8-linear.png;Libpng;
/libpng-1.6.34.tar.gz/contrib/testpngsrgb-alpha-8-sRGB.png;Libpng;
/libpng-1.6.34.tar.gz/contrib/testpngsrgb-alpha-8.png;Libpng;
/libpng-1.6.34.tar.gz/contrib/toolsREADME.txt;Libpng;
/libpng-1.6.34.tar.gz/contrib/toolschecksum-icc.c;Libpng;
/libpng-1.6.34.tar.gz/contrib/toolschkfmt;Libpng;
/libpng-1.6.34.tar.gz/contrib/toolscvtcolor.c;Libpng;
/libpng-1.6.34.tar.gz/contrib/toolsgenpng.c;Libpng;
/libpng-1.6.34.tar.gz/contrib/toolsintgamma.sh;Libpng;
/libpng-1.6.34.tar.gz/contrib/toolsmakesRGB.c;Libpng;
/libpng-1.6.34.tar.gz/contrib/toolspng-fix-itxt.c;Libpng;
/libpng-1.6.34.tar.gz/contrib/toolspngcp.c;Libpng;
/libpng-1.6.34.tar.gz/contrib/toolspngfix.c;Libpng;
/libpng-1.6.34.tar.gz/contrib/toolsreindent;Libpng;
/libpng-1.6.34.tar.gz/contrib/toolssRGB.h;Libpng;
/libpng-1.6.34.tar.gz/contrib/visupngPngFile.c;Libpng;
/libpng-1.6.34.tar.gz/contrib/visupngPngFile.h;Libpng;
/libpng-1.6.34.tar.gz/contrib/visupngREADME.txt;Libpng;
/libpng-1.6.34.tar.gz/contrib/visupngVisualPng.c;Libpng;
/libpng-1.6.34.tar.gz/contrib/visupngVisualPng.dsp;Libpng;
/libpng-1.6.34.tar.gz/contrib/visupngVisualPng.dsw;Libpng;
/libpng-1.6.34.tar.gz/contrib/visupngVisualPng.ico;Libpng;
/libpng-1.6.34.tar.gz/contrib/visupngVisualPng.png;Libpng;
/libpng-1.6.34.tar.gz/contrib/visupngVisualPng.rc;Libpng;
/libpng-1.6.34.tar.gz/contrib/visupngcexcept.h;Libpng;
/libpng-1.6.34.tar.gz/contrib/visupngresource.h;Libpng;
/libpng-1.6.34.tar.gz/depcomp;Libpng;
/libpng-1.6.34.tar.gz/example.c;Libpng;
/libpng-1.6.34.tar.gz/install-sh;Libpng;
/libpng-1.6.34.tar.gz/intelfilter_sse2_intrinsics.c;Libpng;
/libpng-1.6.34.tar.gz/intelintel_init.c;Libpng;
/libpng-1.6.34.tar.gz/libpng-config.in;Libpng;
/libpng-1.6.34.tar.gz/libpng-manual.txt;Libpng;
/libpng-1.6.34.tar.gz/libpng.3;Libpng;
/libpng-1.6.34.tar.gz/libpng.pc.in;Libpng;
/libpng-1.6.34.tar.gz/libpngpf.3;Libpng;
/libpng-1.6.34.tar.gz/ltmain.sh;Libpng;
/libpng-1.6.34.tar.gz/mipsfilter_msa_intrinsics.c;Libpng;
/libpng-1.6.34.tar.gz/mipsmips_init.c;Libpng;
/libpng-1.6.34.tar.gz/missing;Libpng;
/libpng-1.6.34.tar.gz/png.5;Libpng;
/libpng-1.6.34.tar.gz/png.c;Libpng;
/libpng-1.6.34.tar.gz/png.h;Libpng;
/libpng-1.6.34.tar.gz/pngbar.jpg;Libpng;
/libpng-1.6.34.tar.gz/pngbar.png;Libpng;
/libpng-1.6.34.tar.gz/pngconf.h;Libpng;
/libpng-1.6.34.tar.gz/pngdebug.h;Libpng;
/libpng-1.6.34.tar.gz/pngerror.c;Libpng;
/libpng-1.6.34.tar.gz/pngget.c;Libpng;
/libpng-1.6.34.tar.gz/pnginfo.h;Libpng;
/libpng-1.6.34.tar.gz/pngmem.c;Libpng;
/libpng-1.6.34.tar.gz/pngnow.png;Libpng;
/libpng-1.6.34.tar.gz/pngpread.c;Libpng;
/libpng-1.6.34.tar.gz/pngpriv.h;Libpng;
/libpng-1.6.34.tar.gz/pngread.c;Libpng;
/libpng-1.6.34.tar.gz/pngrio.c;Libpng;
/libpng-1.6.34.tar.gz/pngrtran.c;Libpng;
/libpng-1.6.34.tar.gz/pngrutil.c;Libpng;
/libpng-1.6.34.tar.gz/pngset.c;Libpng;
/libpng-1.6.34.tar.gz/pngstruct.h;Libpng;
/libpng-1.6.34.tar.gz/pngtest.c;Libpng;
/libpng-1.6.34.tar.gz/pngtest.png;Libpng;
/libpng-1.6.34.tar.gz/pngtrans.c;Libpng;
/libpng-1.6.34.tar.gz/pngusr.dfa;Libpng;
/libpng-1.6.34.tar.gz/pngwio.c;Libpng;
/libpng-1.6.34.tar.gz/pngwrite.c;Libpng;
/libpng-1.6.34.tar.gz/pngwtran.c;Libpng;
/libpng-1.6.34.tar.gz/pngwutil.c;Libpng;
/libpng-1.6.34.tar.gz/powerpcfilter_vsx_intrinsics.c;Libpng;
/libpng-1.6.34.tar.gz/powerpcpowerpc_init.c;Libpng;
/libpng-1.6.34.tar.gz/projects/owatcomlibpng.tgt;Libpng;
/libpng-1.6.34.tar.gz/projects/owatcomlibpng.wpj;Libpng;
/libpng-1.6.34.tar.gz/projects/owatcompngconfig.mak;Libpng;
/libpng-1.6.34.tar.gz/projects/owatcompngstest.tgt;Libpng;
/libpng-1.6.34.tar.gz/projects/owatcompngtest.tgt;Libpng;
/libpng-1.6.34.tar.gz/projects/owatcompngvalid.tgt;Libpng;
/libpng-1.6.34.tar.gz/projects/visualc71PRJ0041.mak;Libpng;
/libpng-1.6.34.tar.gz/projects/visualc71README.txt;Libpng;
/libpng-1.6.34.tar.gz/projects/visualc71README_zlib.txt;Libpng;
/libpng-1.6.34.tar.gz/projects/visualc71libpng.sln;Libpng;
/libpng-1.6.34.tar.gz/projects/visualc71libpng.vcproj;Libpng;
/libpng-1.6.34.tar.gz/projects/visualc71pngtest.vcproj;Libpng;
/libpng-1.6.34.tar.gz/projects/visualc71zlib.vcproj;Libpng;
/libpng-1.6.34.tar.gz/projects/vstudioREADME.txt;Libpng;
/libpng-1.6.34.tar.gz/projects/vstudio/libpnglibpng.vcxproj;Libpng;
/libpng-1.6.34.tar.gz/projects/vstudio/pnglibconfpnglibconf.vcxproj;Libpng;
/libpng-1.6.34.tar.gz/projects/vstudio/pngstestpngstest.vcxproj;Libpng;
/libpng-1.6.34.tar.gz/projects/vstudio/pngtestpngtest.vcxproj;Libpng;
/libpng-1.6.34.tar.gz/projects/vstudio/pngunknownpngunknown.vcxproj;Libpng;
/libpng-1.6.34.tar.gz/projects/vstudio/pngvalidpngvalid.vcxproj;Libpng;
/libpng-1.6.34.tar.gz/projects/vstudiovstudio.sln;Libpng;
/libpng-1.6.34.tar.gz/projects/vstudiozlib.props;Libpng;
/libpng-1.6.34.tar.gz/projects/vstudio/zlibzlib.vcxproj;Libpng;
/libpng-1.6.34.tar.gz/scriptsREADME.txt;Libpng;
/libpng-1.6.34.tar.gz/scriptsSCOPTIONS.ppc;Libpng;
/libpng-1.6.34.tar.gz/scriptschecksym.awk;Libpng;
/libpng-1.6.34.tar.gz/scriptsdef.c;Libpng;
/libpng-1.6.34.tar.gz/scriptsdescrip.mms;Libpng;
/libpng-1.6.34.tar.gz/scriptsdfn.awk;Libpng;
/libpng-1.6.34.tar.gz/scriptsgenchk.cmake.in;Libpng;
/libpng-1.6.34.tar.gz/scriptsgenout.cmake.in;Libpng;
/libpng-1.6.34.tar.gz/scriptsgensrc.cmake.in;Libpng;
/libpng-1.6.34.tar.gz/scriptsintprefix.c;Libpng;
/libpng-1.6.34.tar.gz/scriptslibpng-config-body.in;Libpng;
/libpng-1.6.34.tar.gz/scriptslibpng-config-head.in;Libpng;
/libpng-1.6.34.tar.gz/scriptslibpng.pc.in;Libpng;
/libpng-1.6.34.tar.gz/scriptslibtool.m4;Libpng;
/libpng-1.6.34.tar.gz/scriptsltoptions.m4;Libpng;
/libpng-1.6.34.tar.gz/scriptsltsugar.m4;Libpng;
/libpng-1.6.34.tar.gz/scriptsltversion.m4;Libpng;
/libpng-1.6.34.tar.gz/scriptslt~obsolete.m4;Libpng;
/libpng-1.6.34.tar.gz/scriptsmacro.lst;Libpng;
/libpng-1.6.34.tar.gz/scriptsmakefile.32sunu;Libpng;
/libpng-1.6.34.tar.gz/scriptsmakefile.64sunu;Libpng;
/libpng-1.6.34.tar.gz/scriptsmakefile.acorn;Libpng;
/libpng-1.6.34.tar.gz/scriptsmakefile.aix;Libpng;
/libpng-1.6.34.tar.gz/scriptsmakefile.amiga;Libpng;
/libpng-1.6.34.tar.gz/scriptsmakefile.atari;Libpng;
/libpng-1.6.34.tar.gz/scriptsmakefile.bc32;Libpng;
/libpng-1.6.34.tar.gz/scriptsmakefile.beos;Libpng;
/libpng-1.6.34.tar.gz/scriptsmakefile.bor;Libpng;
/libpng-1.6.34.tar.gz/scriptsmakefile.cegcc;Libpng;
/libpng-1.6.34.tar.gz/scriptsmakefile.darwin;Libpng;
/libpng-1.6.34.tar.gz/scriptsmakefile.dec;Libpng;
/libpng-1.6.34.tar.gz/scriptsmakefile.dj2;Libpng;
/libpng-1.6.34.tar.gz/scriptsmakefile.freebsd;Libpng;
/libpng-1.6.34.tar.gz/scriptsmakefile.gcc;Libpng;
/libpng-1.6.34.tar.gz/scriptsmakefile.hp64;Libpng;
/libpng-1.6.34.tar.gz/scriptsmakefile.hpgcc;Libpng;
/libpng-1.6.34.tar.gz/scriptsmakefile.hpux;Libpng;
/libpng-1.6.34.tar.gz/scriptsmakefile.ibmc;Libpng;
/libpng-1.6.34.tar.gz/scriptsmakefile.intel;Libpng;
/libpng-1.6.34.tar.gz/scriptsmakefile.knr;Libpng;
/libpng-1.6.34.tar.gz/scriptsmakefile.linux;Libpng;
/libpng-1.6.34.tar.gz/scriptsmakefile.linux-opt;Libpng;
/libpng-1.6.34.tar.gz/scriptsmakefile.mips;Libpng;
/libpng-1.6.34.tar.gz/scriptsmakefile.msc;Libpng;
/libpng-1.6.34.tar.gz/scriptsmakefile.msys;Libpng;
/libpng-1.6.34.tar.gz/scriptsmakefile.ne12bsd;Libpng;
/libpng-1.6.34.tar.gz/scriptsmakefile.netbsd;Libpng;
/libpng-1.6.34.tar.gz/scriptsmakefile.openbsd;Libpng;
/libpng-1.6.34.tar.gz/scriptsmakefile.sco;Libpng;
/libpng-1.6.34.tar.gz/scriptsmakefile.sggcc;Libpng;
/libpng-1.6.34.tar.gz/scriptsmakefile.sgi;Libpng;
/libpng-1.6.34.tar.gz/scriptsmakefile.so9;Libpng;
/libpng-1.6.34.tar.gz/scriptsmakefile.solaris;Libpng;
/libpng-1.6.34.tar.gz/scriptsmakefile.solaris-x86;Libpng;
/libpng-1.6.34.tar.gz/scriptsmakefile.std;Libpng;
/libpng-1.6.34.tar.gz/scriptsmakefile.sunos;Libpng;
/libpng-1.6.34.tar.gz/scriptsmakefile.tc3;Libpng;
/libpng-1.6.34.tar.gz/scriptsmakefile.vcwin32;Libpng;
/libpng-1.6.34.tar.gz/scriptsmakevms.com;Libpng;
/libpng-1.6.34.tar.gz/scriptsoptions.awk;Libpng;
/libpng-1.6.34.tar.gz/scriptspnglibconf.dfa;RPSL-1.0,Libpng;
/libpng-1.6.34.tar.gz/scriptspnglibconf.h.prebuilt;Libpng;
/libpng-1.6.34.tar.gz/scriptspnglibconf.mak;Libpng;
/libpng-1.6.34.tar.gz/scriptspngwin.rc;Libpng;
/libpng-1.6.34.tar.gz/scriptsprefix.c;Libpng;
/libpng-1.6.34.tar.gz/scriptssmakefile.ppc;Libpng;
/libpng-1.6.34.tar.gz/scriptssym.c;Libpng;
/libpng-1.6.34.tar.gz/scriptssymbols.c;Libpng;
/libpng-1.6.34.tar.gz/scriptssymbols.def;Libpng;
/libpng-1.6.34.tar.gz/scriptstest.cmake.in;Libpng;
/libpng-1.6.34.tar.gz/scriptsvers.c;Libpng;
/libpng-1.6.34.tar.gz/test-driver;Libpng;
/libpng-1.6.34.tar.gz/testspngimage-full;Libpng;
/libpng-1.6.34.tar.gz/testspngimage-quick;Libpng;
/libpng-1.6.34.tar.gz/testspngstest;Libpng;
/libpng-1.6.34.tar.gz/testspngstest-1.8;Libpng;
/libpng-1.6.34.tar.gz/testspngstest-1.8-alpha;Libpng;
/libpng-1.6.34.tar.gz/testspngstest-linear;Libpng;
/libpng-1.6.34.tar.gz/testspngstest-linear-alpha;Libpng;
/libpng-1.6.34.tar.gz/testspngstest-none;Libpng;
/libpng-1.6.34.tar.gz/testspngstest-none-alpha;Libpng;
/libpng-1.6.34.tar.gz/testspngstest-sRGB;Libpng;
/libpng-1.6.34.tar.gz/testspngstest-sRGB-alpha;Libpng;
/libpng-1.6.34.tar.gz/testspngtest;Libpng;
/libpng-1.6.34.tar.gz/testspngtest-badpngs;Libpng;
/libpng-1.6.34.tar.gz/testspngunknown-IDAT;Libpng;
/libpng-1.6.34.tar.gz/testspngunknown-discard;Libpng;
/libpng-1.6.34.tar.gz/testspngunknown-if-safe;Libpng;
/libpng-1.6.34.tar.gz/testspngunknown-sAPI;Libpng;
/libpng-1.6.34.tar.gz/testspngunknown-sTER;Libpng;
/libpng-1.6.34.tar.gz/testspngunknown-save;Libpng;
/libpng-1.6.34.tar.gz/testspngunknown-vpAg;Libpng;
/libpng-1.6.34.tar.gz/testspngvalid-gamma-16-to-8;Libpng;
/libpng-1.6.34.tar.gz/testspngvalid-gamma-alpha-mode;Libpng;
/libpng-1.6.34.tar.gz/testspngvalid-gamma-background;Libpng;
/libpng-1.6.34.tar.gz/testspngvalid-gamma-expand16-alpha-mode;Libpng;
/libpng-1.6.34.tar.gz/testspngvalid-gamma-expand16-background;Libpng;
/libpng-1.6.34.tar.gz/testspngvalid-gamma-expand16-transform;Libpng;
/libpng-1.6.34.tar.gz/testspngvalid-gamma-sbit;Libpng;
/libpng-1.6.34.tar.gz/testspngvalid-gamma-threshold;Libpng;
/libpng-1.6.34.tar.gz/testspngvalid-gamma-transform;Libpng;
/libpng-1.6.34.tar.gz/testspngvalid-progressive-interlace-standard;Libpng;
/libpng-1.6.34.tar.gz/testspngvalid-progressive-size;Libpng;
/libpng-1.6.34.tar.gz/testspngvalid-progressive-standard;Libpng;
/libpng-1.6.34.tar.gz/testspngvalid-standard;Libpng;
/libpng-1.6.34.tar.gz/testspngvalid-transform;Libpng;
