/file_5.30.tar.xz/AUTHORS,BSD-2-Clause-FreeBSD,
/file_5.30.tar.xz/COPYING,BSD-2-Clause-FreeBSD,
/file_5.30.tar.xz/ChangeLog,BSD-2-Clause-FreeBSD,
/file_5.30.tar.xz/INSTALL,BSD-2-Clause-FreeBSD,
/file_5.30.tar.xz/MAINT,BSD-2-Clause-FreeBSD,
/file_5.30.tar.xz/Makefile.am,BSD-2-Clause-FreeBSD,
/file_5.30.tar.xz/Makefile.in,BSD-2-Clause-FreeBSD,
/file_5.30.tar.xz/NEWS,BSD-2-Clause-FreeBSD,
/file_5.30.tar.xz/README,BSD-2-Clause-FreeBSD,
/file_5.30.tar.xz/TODO,BSD-2-Clause-FreeBSD,
/file_5.30.tar.xz/acinclude.m4,BSD-2-Clause-FreeBSD,
/file_5.30.tar.xz/aclocal.m4,BSD-2-Clause-FreeBSD,
/file_5.30.tar.xz/compile,BSD-2-Clause-FreeBSD,
/file_5.30.tar.xz/config.guess,BSD-2-Clause-FreeBSD,
/file_5.30.tar.xz/config.h.in,BSD-2-Clause-FreeBSD,
/file_5.30.tar.xz/config.sub,BSD-2-Clause-FreeBSD,
/file_5.30.tar.xz/configure,BSD-2-Clause-FreeBSD,
/file_5.30.tar.xz/configure.ac,BSD-2-Clause-FreeBSD,
/file_5.30.tar.xz/depcomp,BSD-2-Clause-FreeBSD,
/file_5.30.tar.xz/docMakefile.am,BSD-2-Clause-FreeBSD,
/file_5.30.tar.xz/docMakefile.in,BSD-2-Clause-FreeBSD;GPL-1.0;GPL-1.0-only;GPL-1.0-or-later,
/file_5.30.tar.xz/docfile.man,BSD-2-Clause-FreeBSD,
/file_5.30.tar.xz/doclibmagic.man,BSD-2-Clause-FreeBSD,
/file_5.30.tar.xz/docmagic.man,BSD-2-Clause-FreeBSD,
/file_5.30.tar.xz/install-sh,BSD-2-Clause-FreeBSD,
/file_5.30.tar.xz/ltmain.sh,BSD-2-Clause-FreeBSD,
/file_5.30.tar.xz/m4libtool.m4,BSD-2-Clause-FreeBSD,
/file_5.30.tar.xz/m4ltoptions.m4,BSD-2-Clause-FreeBSD,
/file_5.30.tar.xz/m4ltsugar.m4,BSD-2-Clause-FreeBSD,
/file_5.30.tar.xz/m4ltversion.m4,BSD-2-Clause-FreeBSD,
/file_5.30.tar.xz/m4lt~obsolete.m4,BSD-2-Clause-FreeBSD,
/file_5.30.tar.xz/magic/Magdiracorn,BSD-2-Clause-FreeBSD,
/file_5.30.tar.xz/magic/Magdiradi,BSD-2-Clause-FreeBSD,
/file_5.30.tar.xz/magic/Magdiradventure,BSD-2-Clause-FreeBSD,
/file_5.30.tar.xz/magic/Magdiralgol68,BSD-2-Clause-FreeBSD,
/file_5.30.tar.xz/magic/Magdirallegro,BSD-2-Clause-FreeBSD,
/file_5.30.tar.xz/magic/Magdiralliant,BSD-2-Clause-FreeBSD,
/file_5.30.tar.xz/magic/Magdiramanda,BSD-2-Clause-FreeBSD,
/file_5.30.tar.xz/magic/Magdiramigaos,BSD-2-Clause-FreeBSD,
/file_5.30.tar.xz/magic/Magdirandroid,BSD-2-Clause-FreeBSD,
/file_5.30.tar.xz/magic/Magdiranimation,BSD-2-Clause-FreeBSD,
/file_5.30.tar.xz/magic/Magdiraout,BSD-2-Clause-FreeBSD,
/file_5.30.tar.xz/magic/Magdirapl,BSD-2-Clause-FreeBSD,
/file_5.30.tar.xz/magic/Magdirapple,BSD-2-Clause-FreeBSD,
/file_5.30.tar.xz/magic/Magdirapplication,BSD-2-Clause-FreeBSD,
/file_5.30.tar.xz/magic/Magdirapplix,BSD-2-Clause-FreeBSD,
/file_5.30.tar.xz/magic/Magdirapt,BSD-2-Clause-FreeBSD,
/file_5.30.tar.xz/magic/Magdirarchive,BSD-2-Clause-FreeBSD,
/file_5.30.tar.xz/magic/Magdirassembler,BSD-2-Clause-FreeBSD,
/file_5.30.tar.xz/magic/Magdirasterix,BSD-2-Clause-FreeBSD,
/file_5.30.tar.xz/magic/Magdiratt3b,BSD-2-Clause-FreeBSD,
/file_5.30.tar.xz/magic/Magdiraudio,BSD-2-Clause-FreeBSD,
/file_5.30.tar.xz/magic/Magdirbasis,BSD-2-Clause-FreeBSD,
/file_5.30.tar.xz/magic/Magdirber,BSD-2-Clause-FreeBSD,
/file_5.30.tar.xz/magic/Magdirbflt,BSD-2-Clause-FreeBSD,
/file_5.30.tar.xz/magic/Magdirbioinformatics,BSD-2-Clause-FreeBSD,
/file_5.30.tar.xz/magic/Magdirblackberry,BSD-2-Clause-FreeBSD,
/file_5.30.tar.xz/magic/Magdirblcr,BSD-2-Clause-FreeBSD,
/file_5.30.tar.xz/magic/Magdirblender,BSD-2-Clause-FreeBSD,
/file_5.30.tar.xz/magic/Magdirblit,BSD-2-Clause-FreeBSD,
/file_5.30.tar.xz/magic/Magdirbout,BSD-2-Clause-FreeBSD,
/file_5.30.tar.xz/magic/Magdirbsdi,BSD-2-Clause-FreeBSD,
/file_5.30.tar.xz/magic/Magdirbsi,BSD-2-Clause-FreeBSD,
/file_5.30.tar.xz/magic/Magdirbtsnoop,BSD-2-Clause-FreeBSD,
/file_5.30.tar.xz/magic/Magdirc-lang,BSD-2-Clause-FreeBSD,
/file_5.30.tar.xz/magic/Magdirc64,BSD-2-Clause-FreeBSD,
/file_5.30.tar.xz/magic/Magdircad,BSD-2-Clause-FreeBSD,
/file_5.30.tar.xz/magic/Magdircafebabe,BSD-2-Clause-FreeBSD,
/file_5.30.tar.xz/magic/Magdircbor,BSD-2-Clause-FreeBSD,
/file_5.30.tar.xz/magic/Magdircddb,BSD-2-Clause-FreeBSD,
/file_5.30.tar.xz/magic/Magdirchord,BSD-2-Clause-FreeBSD,
/file_5.30.tar.xz/magic/Magdircisco,BSD-2-Clause-FreeBSD,
/file_5.30.tar.xz/magic/Magdircitrus,BSD-2-Clause-FreeBSD,
/file_5.30.tar.xz/magic/Magdirclarion,BSD-2-Clause-FreeBSD,
/file_5.30.tar.xz/magic/Magdirclaris,BSD-2-Clause-FreeBSD,
/file_5.30.tar.xz/magic/Magdirclipper,BSD-2-Clause-FreeBSD,
/file_5.30.tar.xz/magic/Magdircoff,BSD-2-Clause-FreeBSD,
/file_5.30.tar.xz/magic/Magdircommands,BSD-2-Clause-FreeBSD,
/file_5.30.tar.xz/magic/Magdircommunications,BSD-2-Clause-FreeBSD,
/file_5.30.tar.xz/magic/Magdircompress,BSD-2-Clause-FreeBSD,
/file_5.30.tar.xz/magic/Magdirconsole,BSD-2-Clause-FreeBSD,
/file_5.30.tar.xz/magic/Magdirconvex,BSD-2-Clause-FreeBSD,
/file_5.30.tar.xz/magic/Magdircoverage,BSD-2-Clause-FreeBSD,
/file_5.30.tar.xz/magic/Magdircracklib,BSD-2-Clause-FreeBSD,
/file_5.30.tar.xz/magic/Magdirctags,BSD-2-Clause-FreeBSD,
/file_5.30.tar.xz/magic/Magdirctf,BSD-2-Clause-FreeBSD,
/file_5.30.tar.xz/magic/Magdircubemap,BSD-2-Clause-FreeBSD,
/file_5.30.tar.xz/magic/Magdircups,BSD-2-Clause-FreeBSD,
/file_5.30.tar.xz/magic/Magdirdact,BSD-2-Clause-FreeBSD,
/file_5.30.tar.xz/magic/Magdirdatabase,BSD-2-Clause-FreeBSD,
/file_5.30.tar.xz/magic/Magdirder,BSD-2-Clause-FreeBSD,
/file_5.30.tar.xz/magic/Magdirdiamond,BSD-2-Clause-FreeBSD,
/file_5.30.tar.xz/magic/Magdirdiff,BSD-2-Clause-FreeBSD,
/file_5.30.tar.xz/magic/Magdirdigital,BSD-2-Clause-FreeBSD,
/file_5.30.tar.xz/magic/Magdirdolby,BSD-2-Clause-FreeBSD,
/file_5.30.tar.xz/magic/Magdirdump,BSD-2-Clause-FreeBSD,
/file_5.30.tar.xz/magic/Magdirdyadic,BSD-2-Clause-FreeBSD,
/file_5.30.tar.xz/magic/Magdirebml,BSD-2-Clause-FreeBSD,
/file_5.30.tar.xz/magic/Magdireditors,BSD-2-Clause-FreeBSD,
/file_5.30.tar.xz/magic/Magdirefi,BSD-2-Clause-FreeBSD,
/file_5.30.tar.xz/magic/Magdirelf,BSD-2-Clause-FreeBSD,
/file_5.30.tar.xz/magic/Magdirencore,BSD-2-Clause-FreeBSD,
/file_5.30.tar.xz/magic/Magdirepoc,BSD-2-Clause-FreeBSD,
/file_5.30.tar.xz/magic/Magdirerlang,BSD-2-Clause-FreeBSD,
/file_5.30.tar.xz/magic/Magdiresri,BSD-2-Clause-FreeBSD,
/file_5.30.tar.xz/magic/Magdirfcs,BSD-2-Clause-FreeBSD,
/file_5.30.tar.xz/magic/Magdirfilesystems,BSD-2-Clause-FreeBSD,
/file_5.30.tar.xz/magic/Magdirfinger,BSD-2-Clause-FreeBSD,
/file_5.30.tar.xz/magic/Magdirflash,BSD-2-Clause-FreeBSD,
/file_5.30.tar.xz/magic/Magdirflif,BSD-2-Clause-FreeBSD,
/file_5.30.tar.xz/magic/Magdirfonts,BSD-2-Clause-FreeBSD,
/file_5.30.tar.xz/magic/Magdirfortran,BSD-2-Clause-FreeBSD,
/file_5.30.tar.xz/magic/Magdirframe,BSD-2-Clause-FreeBSD,
/file_5.30.tar.xz/magic/Magdirfreebsd,BSD-2-Clause-FreeBSD,
/file_5.30.tar.xz/magic/Magdirfsav,BSD-2-Clause-FreeBSD,
/file_5.30.tar.xz/magic/Magdirfusecompress,BSD-2-Clause-FreeBSD,
/file_5.30.tar.xz/magic/Magdirgames,BSD-2-Clause-FreeBSD,
/file_5.30.tar.xz/magic/Magdirgcc,BSD-2-Clause-FreeBSD,
/file_5.30.tar.xz/magic/Magdirgeo,BSD-2-Clause-FreeBSD,
/file_5.30.tar.xz/magic/Magdirgeos,BSD-2-Clause-FreeBSD,
/file_5.30.tar.xz/magic/Magdirgimp,BSD-2-Clause-FreeBSD,
/file_5.30.tar.xz/magic/Magdirgnome,BSD-2-Clause-FreeBSD,
/file_5.30.tar.xz/magic/Magdirgnu,BSD-2-Clause-FreeBSD,
/file_5.30.tar.xz/magic/Magdirgnumeric,BSD-2-Clause-FreeBSD,
/file_5.30.tar.xz/magic/Magdirgpt,BSD-2-Clause-FreeBSD,
/file_5.30.tar.xz/magic/Magdirgpu,BSD-2-Clause-FreeBSD,
/file_5.30.tar.xz/magic/Magdirgrace,BSD-2-Clause-FreeBSD,
/file_5.30.tar.xz/magic/Magdirgraphviz,BSD-2-Clause-FreeBSD,
/file_5.30.tar.xz/magic/Magdirgringotts,BSD-2-Clause-FreeBSD,
/file_5.30.tar.xz/magic/Magdirguile,BSD-2-Clause-FreeBSD,
/file_5.30.tar.xz/magic/Magdirhitachi-sh,BSD-2-Clause-FreeBSD,
/file_5.30.tar.xz/magic/Magdirhp,BSD-2-Clause-FreeBSD,
/file_5.30.tar.xz/magic/Magdirhuman68k,BSD-2-Clause-FreeBSD,
/file_5.30.tar.xz/magic/Magdiribm370,BSD-2-Clause-FreeBSD,
/file_5.30.tar.xz/magic/Magdiribm6000,BSD-2-Clause-FreeBSD,
/file_5.30.tar.xz/magic/Magdiricc,BSD-2-Clause-FreeBSD,
/file_5.30.tar.xz/magic/Magdiriff,BSD-2-Clause-FreeBSD,
/file_5.30.tar.xz/magic/Magdirimages,BSD-2-Clause-FreeBSD,
/file_5.30.tar.xz/magic/Magdirinform,BSD-2-Clause-FreeBSD,
/file_5.30.tar.xz/magic/Magdirintel,BSD-2-Clause-FreeBSD,
/file_5.30.tar.xz/magic/Magdirinterleaf,BSD-2-Clause-FreeBSD,
/file_5.30.tar.xz/magic/Magdirisland,BSD-2-Clause-FreeBSD,
/file_5.30.tar.xz/magic/Magdirispell,BSD-2-Clause-FreeBSD,
/file_5.30.tar.xz/magic/Magdirisz,BSD-2-Clause-FreeBSD,
/file_5.30.tar.xz/magic/Magdirjava,BSD-2-Clause-FreeBSD,
/file_5.30.tar.xz/magic/Magdirjavascript,BSD-2-Clause-FreeBSD,
/file_5.30.tar.xz/magic/Magdirjpeg,BSD-2-Clause-FreeBSD,
/file_5.30.tar.xz/magic/Magdirkarma,BSD-2-Clause-FreeBSD,
/file_5.30.tar.xz/magic/Magdirkde,BSD-2-Clause-FreeBSD,
/file_5.30.tar.xz/magic/Magdirkeepass,BSD-2-Clause-FreeBSD,
/file_5.30.tar.xz/magic/Magdirkerberos,BSD-2-Clause-FreeBSD,
/file_5.30.tar.xz/magic/Magdirkml,BSD-2-Clause-FreeBSD,
/file_5.30.tar.xz/magic/Magdirlecter,BSD-2-Clause-FreeBSD,
/file_5.30.tar.xz/magic/Magdirlex,BSD-2-Clause-FreeBSD,
/file_5.30.tar.xz/magic/Magdirlif,BSD-2-Clause-FreeBSD,
/file_5.30.tar.xz/magic/Magdirlinux,BSD-2-Clause-FreeBSD,
/file_5.30.tar.xz/magic/Magdirlisp,BSD-2-Clause-FreeBSD,
/file_5.30.tar.xz/magic/Magdirllvm,BSD-2-Clause-FreeBSD,
/file_5.30.tar.xz/magic/Magdirlua,BSD-2-Clause-FreeBSD,
/file_5.30.tar.xz/magic/Magdirluks,BSD-2-Clause-FreeBSD,
/file_5.30.tar.xz/magic/Magdirm4,BSD-2-Clause-FreeBSD,
/file_5.30.tar.xz/magic/Magdirmach,BSD-2-Clause-FreeBSD,
/file_5.30.tar.xz/magic/Magdirmacintosh,BSD-2-Clause-FreeBSD,
/file_5.30.tar.xz/magic/Magdirmacos,BSD-2-Clause-FreeBSD,
/file_5.30.tar.xz/magic/Magdirmagic,BSD-2-Clause-FreeBSD,
/file_5.30.tar.xz/magic/Magdirmail.news,BSD-2-Clause-FreeBSD,
/file_5.30.tar.xz/magic/Magdirmake,BSD-2-Clause-FreeBSD,
/file_5.30.tar.xz/magic/Magdirmap,BSD-2-Clause-FreeBSD,
/file_5.30.tar.xz/magic/Magdirmaple,BSD-2-Clause-FreeBSD,
/file_5.30.tar.xz/magic/Magdirmarc21,BSD-2-Clause-FreeBSD,
/file_5.30.tar.xz/magic/Magdirmathcad,BSD-2-Clause-FreeBSD,
/file_5.30.tar.xz/magic/Magdirmathematica,BSD-2-Clause-FreeBSD,
/file_5.30.tar.xz/magic/Magdirmatroska,BSD-2-Clause-FreeBSD,
/file_5.30.tar.xz/magic/Magdirmcrypt,BSD-2-Clause-FreeBSD,
/file_5.30.tar.xz/magic/Magdirmercurial,BSD-2-Clause-FreeBSD,
/file_5.30.tar.xz/magic/Magdirmetastore,BSD-2-Clause-FreeBSD,
/file_5.30.tar.xz/magic/Magdirmeteorological,BSD-2-Clause-FreeBSD,
/file_5.30.tar.xz/magic/Magdirmicrofocus,BSD-2-Clause-FreeBSD,
/file_5.30.tar.xz/magic/Magdirmime,BSD-2-Clause-FreeBSD,
/file_5.30.tar.xz/magic/Magdirmips,BSD-2-Clause-FreeBSD,
/file_5.30.tar.xz/magic/Magdirmirage,BSD-2-Clause-FreeBSD,
/file_5.30.tar.xz/magic/Magdirmisctools,BSD-2-Clause-FreeBSD,
/file_5.30.tar.xz/magic/Magdirmkid,BSD-2-Clause-FreeBSD,
/file_5.30.tar.xz/magic/Magdirmlssa,BSD-2-Clause-FreeBSD,
/file_5.30.tar.xz/magic/Magdirmmdf,BSD-2-Clause-FreeBSD,
/file_5.30.tar.xz/magic/Magdirmodem,BSD-2-Clause-FreeBSD,
/file_5.30.tar.xz/magic/Magdirmotorola,BSD-2-Clause-FreeBSD,
/file_5.30.tar.xz/magic/Magdirmozilla,BSD-2-Clause-FreeBSD,
/file_5.30.tar.xz/magic/Magdirmsdos,BSD-2-Clause-FreeBSD,
/file_5.30.tar.xz/magic/Magdirmsooxml,BSD-2-Clause-FreeBSD,
/file_5.30.tar.xz/magic/Magdirmsvc,BSD-2-Clause-FreeBSD,
/file_5.30.tar.xz/magic/Magdirmsx,BSD-2-Clause-FreeBSD,
/file_5.30.tar.xz/magic/Magdirmup,BSD-2-Clause-FreeBSD,
/file_5.30.tar.xz/magic/Magdirmusic,BSD-2-Clause-FreeBSD,
/file_5.30.tar.xz/magic/Magdirnasa,BSD-2-Clause-FreeBSD,
/file_5.30.tar.xz/magic/Magdirnatinst,BSD-2-Clause-FreeBSD,
/file_5.30.tar.xz/magic/Magdirncr,BSD-2-Clause-FreeBSD,
/file_5.30.tar.xz/magic/Magdirneko,BSD-2-Clause-FreeBSD,
/file_5.30.tar.xz/magic/Magdirnetbsd,BSD-2-Clause-FreeBSD,
/file_5.30.tar.xz/magic/Magdirnetscape,BSD-2-Clause-FreeBSD,
/file_5.30.tar.xz/magic/Magdirnetware,BSD-2-Clause-FreeBSD,
/file_5.30.tar.xz/magic/Magdirnews,BSD-2-Clause-FreeBSD,
/file_5.30.tar.xz/magic/Magdirnitpicker,BSD-2-Clause-FreeBSD,
/file_5.30.tar.xz/magic/Magdiroasis,BSD-2-Clause-FreeBSD,
/file_5.30.tar.xz/magic/Magdirocaml,BSD-2-Clause-FreeBSD,
/file_5.30.tar.xz/magic/Magdiroctave,BSD-2-Clause-FreeBSD,
/file_5.30.tar.xz/magic/Magdirole2compounddocs,BSD-2-Clause-FreeBSD,
/file_5.30.tar.xz/magic/Magdirolf,BSD-2-Clause-FreeBSD,
/file_5.30.tar.xz/magic/Magdiros2,BSD-2-Clause-FreeBSD,
/file_5.30.tar.xz/magic/Magdiros400,BSD-2-Clause-FreeBSD,
/file_5.30.tar.xz/magic/Magdiros9,AMPAS;Apache-1.0;Apache-1.1;BSD-2-Clause-FreeBSD;BSD-2-Clause-Patent;BSD-3-Clause-Clear;BSD-3-Clause-LBNL;BSD-3-Clause-No-Nuclear-License;BSD-3-Clause-No-Nuclear-License-2014;BSD-3-Clause-No-Nuclear-Warranty;BSD-4-Clause-UC;Caldera;Entessa;Intel;NCSA;Naumen;OLDAP-2.0;OLDAP-2.0.1;OLDAP-2.1;OLDAP-2.2;OLDAP-2.2.1;OLDAP-2.2.2;OLDAP-2.3;OLDAP-2.4;OLDAP-2.5;OLDAP-2.6;OLDAP-2.7;OLDAP-2.8;PHP-3.0;PHP-3.01;Plexus;SWL;Saxpath;TMate;TOSL;VSL-1.0;XFree86-1.1;ZPL-1.1;ZPL-2.0;ZPL-2.1;Zend-2.0;bzip2-1.0.5;bzip2-1.0.6;xpp,
/file_5.30.tar.xz/magic/Magdirosf1,BSD-2-Clause-FreeBSD,
/file_5.30.tar.xz/magic/Magdirpalm,BSD-2-Clause-FreeBSD,
/file_5.30.tar.xz/magic/Magdirparix,BSD-2-Clause-FreeBSD,
/file_5.30.tar.xz/magic/Magdirparrot,BSD-2-Clause-FreeBSD,
/file_5.30.tar.xz/magic/Magdirpascal,BSD-2-Clause-FreeBSD,
/file_5.30.tar.xz/magic/Magdirpbf,BSD-2-Clause-FreeBSD,
/file_5.30.tar.xz/magic/Magdirpbm,BSD-2-Clause-FreeBSD,
/file_5.30.tar.xz/magic/Magdirpc88,BSD-2-Clause-FreeBSD,
/file_5.30.tar.xz/magic/Magdirpc98,BSD-2-Clause-FreeBSD,
/file_5.30.tar.xz/magic/Magdirpdf,BSD-2-Clause-FreeBSD,
/file_5.30.tar.xz/magic/Magdirpdp,BSD-2-Clause-FreeBSD,
/file_5.30.tar.xz/magic/Magdirperl,BSD-2-Clause-FreeBSD,
/file_5.30.tar.xz/magic/Magdirpgf,BSD-2-Clause-FreeBSD,
/file_5.30.tar.xz/magic/Magdirpgp,BSD-2-Clause-FreeBSD,
/file_5.30.tar.xz/magic/Magdirpkgadd,BSD-2-Clause-FreeBSD,
/file_5.30.tar.xz/magic/Magdirplan9,BSD-2-Clause-FreeBSD,
/file_5.30.tar.xz/magic/Magdirplus5,BSD-2-Clause-FreeBSD,
/file_5.30.tar.xz/magic/Magdirpolyml,BSD-2-Clause-FreeBSD,
/file_5.30.tar.xz/magic/Magdirprinter,BSD-2-Clause-FreeBSD,
/file_5.30.tar.xz/magic/Magdirproject,BSD-2-Clause-FreeBSD,
/file_5.30.tar.xz/magic/Magdirpsdbms,BSD-2-Clause-FreeBSD,
/file_5.30.tar.xz/magic/Magdirpsl,BSD-2-Clause-FreeBSD,
/file_5.30.tar.xz/magic/Magdirpulsar,BSD-2-Clause-FreeBSD,
/file_5.30.tar.xz/magic/Magdirpwsafe,BSD-2-Clause-FreeBSD,
/file_5.30.tar.xz/magic/Magdirpyramid,BSD-2-Clause-FreeBSD,
/file_5.30.tar.xz/magic/Magdirpython,BSD-2-Clause-FreeBSD,
/file_5.30.tar.xz/magic/Magdirqt,BSD-2-Clause-FreeBSD,
/file_5.30.tar.xz/magic/Magdirrevision,BSD-2-Clause-FreeBSD,
/file_5.30.tar.xz/magic/Magdirriff,BSD-2-Clause-FreeBSD,
/file_5.30.tar.xz/magic/Magdirrpm,BSD-2-Clause-FreeBSD,
/file_5.30.tar.xz/magic/Magdirrtf,BSD-2-Clause-FreeBSD,
/file_5.30.tar.xz/magic/Magdirruby,BSD-2-Clause-FreeBSD,
/file_5.30.tar.xz/magic/Magdirsc,BSD-2-Clause-FreeBSD,
/file_5.30.tar.xz/magic/Magdirsccs,BSD-2-Clause-FreeBSD,
/file_5.30.tar.xz/magic/Magdirscientific,BSD-2-Clause-FreeBSD,
/file_5.30.tar.xz/magic/Magdirsecuritycerts,BSD-2-Clause-FreeBSD,
/file_5.30.tar.xz/magic/Magdirselinux,BSD-2-Clause-FreeBSD,
/file_5.30.tar.xz/magic/Magdirsendmail,BSD-2-Clause-FreeBSD,
/file_5.30.tar.xz/magic/Magdirsequent,BSD-2-Clause-FreeBSD,
/file_5.30.tar.xz/magic/Magdirsereal,BSD-2-Clause-FreeBSD,
/file_5.30.tar.xz/magic/Magdirsgi,BSD-2-Clause-FreeBSD,
/file_5.30.tar.xz/magic/Magdirsgml,BSD-2-Clause-FreeBSD,
/file_5.30.tar.xz/magic/Magdirsharc,BSD-2-Clause-FreeBSD,
/file_5.30.tar.xz/magic/Magdirsinclair,BSD-2-Clause-FreeBSD,
/file_5.30.tar.xz/magic/Magdirsisu,BSD-2-Clause-FreeBSD,
/file_5.30.tar.xz/magic/Magdirsketch,BSD-2-Clause-FreeBSD,
/file_5.30.tar.xz/magic/Magdirsmalltalk,BSD-2-Clause-FreeBSD,
/file_5.30.tar.xz/magic/Magdirsmile,BSD-2-Clause-FreeBSD,
/file_5.30.tar.xz/magic/Magdirsniffer,BSD-2-Clause-FreeBSD,
/file_5.30.tar.xz/magic/Magdirsoftquad,BSD-2-Clause-FreeBSD,
/file_5.30.tar.xz/magic/Magdirspec,BSD-2-Clause-FreeBSD,
/file_5.30.tar.xz/magic/Magdirspectrum,BSD-2-Clause-FreeBSD,
/file_5.30.tar.xz/magic/Magdirsql,BSD-2-Clause-FreeBSD,
/file_5.30.tar.xz/magic/Magdirssh,BSD-2-Clause-FreeBSD,
/file_5.30.tar.xz/magic/Magdirssl,BSD-2-Clause-FreeBSD,
/file_5.30.tar.xz/magic/Magdirsun,BSD-2-Clause-FreeBSD,
/file_5.30.tar.xz/magic/Magdirsymbos,BSD-2-Clause-FreeBSD,
/file_5.30.tar.xz/magic/Magdirsysex,BSD-2-Clause-FreeBSD,
/file_5.30.tar.xz/magic/Magdirtcl,BSD-2-Clause-FreeBSD,
/file_5.30.tar.xz/magic/Magdirteapot,BSD-2-Clause-FreeBSD,
/file_5.30.tar.xz/magic/Magdirterminfo,BSD-2-Clause-FreeBSD,
/file_5.30.tar.xz/magic/Magdirtex,BSD-2-Clause-FreeBSD,
/file_5.30.tar.xz/magic/Magdirtgif,BSD-2-Clause-FreeBSD,
/file_5.30.tar.xz/magic/Magdirti-8x,BSD-2-Clause-FreeBSD,
/file_5.30.tar.xz/magic/Magdirtimezone,BSD-2-Clause-FreeBSD,
/file_5.30.tar.xz/magic/Magdirtroff,BSD-2-Clause-FreeBSD,
/file_5.30.tar.xz/magic/Magdirtuxedo,BSD-2-Clause-FreeBSD,
/file_5.30.tar.xz/magic/Magdirtypeset,BSD-2-Clause-FreeBSD,
/file_5.30.tar.xz/magic/Magdirunicode,BSD-2-Clause-FreeBSD,
/file_5.30.tar.xz/magic/Magdirunknown,BSD-2-Clause-FreeBSD,
/file_5.30.tar.xz/magic/Magdiruterus,BSD-2-Clause-FreeBSD,
/file_5.30.tar.xz/magic/Magdiruuencode,BSD-2-Clause-FreeBSD,
/file_5.30.tar.xz/magic/Magdirvacuum-cleaner,BSD-2-Clause-FreeBSD,
/file_5.30.tar.xz/magic/Magdirvaried.out,BSD-2-Clause-FreeBSD,
/file_5.30.tar.xz/magic/Magdirvaried.script,BSD-2-Clause-FreeBSD,
/file_5.30.tar.xz/magic/Magdirvax,BSD-2-Clause-FreeBSD,
/file_5.30.tar.xz/magic/Magdirvicar,BSD-2-Clause-FreeBSD,
/file_5.30.tar.xz/magic/Magdirvirtual,BSD-2-Clause-FreeBSD,
/file_5.30.tar.xz/magic/Magdirvirtutech,BSD-2-Clause-FreeBSD,
/file_5.30.tar.xz/magic/Magdirvisx,BSD-2-Clause-FreeBSD,
/file_5.30.tar.xz/magic/Magdirvms,BSD-2-Clause-FreeBSD,
/file_5.30.tar.xz/magic/Magdirvmware,BSD-2-Clause-FreeBSD,
/file_5.30.tar.xz/magic/Magdirvorbis,BSD-2-Clause-FreeBSD,
/file_5.30.tar.xz/magic/Magdirvxl,BSD-2-Clause-FreeBSD,
/file_5.30.tar.xz/magic/Magdirwarc,BSD-2-Clause-FreeBSD,
/file_5.30.tar.xz/magic/Magdirweak,BSD-2-Clause-FreeBSD,
/file_5.30.tar.xz/magic/Magdirwindows,BSD-2-Clause-FreeBSD,
/file_5.30.tar.xz/magic/Magdirwireless,BSD-2-Clause-FreeBSD,
/file_5.30.tar.xz/magic/Magdirwordprocessors,BSD-2-Clause-FreeBSD,
/file_5.30.tar.xz/magic/Magdirwsdl,BSD-2-Clause-FreeBSD,
/file_5.30.tar.xz/magic/Magdirx68000,BSD-2-Clause-FreeBSD,
/file_5.30.tar.xz/magic/Magdirxdelta,BSD-2-Clause-FreeBSD,
/file_5.30.tar.xz/magic/Magdirxenix,BSD-2-Clause-FreeBSD,
/file_5.30.tar.xz/magic/Magdirxilinx,BSD-2-Clause-FreeBSD,
/file_5.30.tar.xz/magic/Magdirxo65,BSD-2-Clause-FreeBSD,
/file_5.30.tar.xz/magic/Magdirxwindows,BSD-2-Clause-FreeBSD,
/file_5.30.tar.xz/magic/Magdiryara,BSD-2-Clause-FreeBSD,
/file_5.30.tar.xz/magic/Magdirzfs,BSD-2-Clause-FreeBSD,
/file_5.30.tar.xz/magic/Magdirzilog,BSD-2-Clause-FreeBSD,
/file_5.30.tar.xz/magic/Magdirzyxel,BSD-2-Clause-FreeBSD,
/file_5.30.tar.xz/magicHeader,BSD-2-Clause-FreeBSD,
/file_5.30.tar.xz/magicLocalstuff,BSD-2-Clause-FreeBSD,
/file_5.30.tar.xz/magicMakefile.am,BSD-2-Clause-FreeBSD,
/file_5.30.tar.xz/magicMakefile.in,BSD-2-Clause-FreeBSD,
/file_5.30.tar.xz/missing,BSD-2-Clause-FreeBSD,
/file_5.30.tar.xz/pythonMakefile.am,BSD-2-Clause-FreeBSD,
/file_5.30.tar.xz/pythonMakefile.in,BSD-2-Clause-FreeBSD,
/file_5.30.tar.xz/pythonREADME,BSD-2-Clause-FreeBSD,
/file_5.30.tar.xz/pythonexample.py,BSD-2-Clause-FreeBSD,
/file_5.30.tar.xz/pythonmagic.py,BSD-2-Clause-FreeBSD,
/file_5.30.tar.xz/pythonsetup.py,BSD-2-Clause-FreeBSD,
/file_5.30.tar.xz/srcMakefile.am,BSD-2-Clause-FreeBSD,
/file_5.30.tar.xz/srcMakefile.in,BSD-2-Clause-FreeBSD;GPL-2.0;GPL-2.0+;GPL-2.0-only;GPL-2.0-or-later;LGPL-2.1;LGPL-2.1+;LGPL-2.1-only;LGPL-2.1-or-later,
/file_5.30.tar.xz/srcapprentice.c,BSD-2-Clause-FreeBSD,
/file_5.30.tar.xz/srcapptype.c,BSD-2-Clause-FreeBSD,
/file_5.30.tar.xz/srcascmagic.c,AMDPLPA;BSD-2-Clause-FreeBSD;OpenSSL,
/file_5.30.tar.xz/srcasctime_r.c,BSD-2-Clause-FreeBSD,
/file_5.30.tar.xz/srcasprintf.c,BSD-2-Clause;BSD-2-Clause-FreeBSD;BSD-2-Clause-NetBSD;BSD-3-Clause;BSD-3-Clause-Attribution;BSD-3-Clause-Clear;BSD-3-Clause-No-Nuclear-License;BSD-3-Clause-No-Nuclear-License-2014;BSD-3-Clause-No-Nuclear-Warranty;BSD-4-Clause;BSD-4-Clause-UC;BSD-Source-Code;ICU;Intel;MIT-advertising;Mup;NCSA;Naumen;OLDAP-2.0;OLDAP-2.0.1;Plexus;PostgreSQL;Saxpath;Spencer-99;TOSL;VSL-1.0;X11;Xnet;ZPL-2.1;bzip2-1.0.5;bzip2-1.0.6;libtiff,
/file_5.30.tar.xz/srccdf.c,BSD-2-Clause-FreeBSD,
/file_5.30.tar.xz/srccdf.h,BSD-2-Clause-FreeBSD,
/file_5.30.tar.xz/srccdf_time.c,Apache-1.1;BSD-2-Clause-FreeBSD;BSD-2-Clause-Patent;Caldera;MTLL;PHP-3.0;PHP-3.01;ZPL-1.1,
/file_5.30.tar.xz/srccompress.c,BSD-2-Clause-FreeBSD,
/file_5.30.tar.xz/srcctime_r.c,BSD-2-Clause-FreeBSD,
/file_5.30.tar.xz/srcder.c,AMDPLPA;BSD-2-Clause-FreeBSD,
/file_5.30.tar.xz/srcder.h,BSD-1-Clause;BSD-2-Clause;BSD-2-Clause-FreeBSD;BSD-2-Clause-NetBSD;BSD-3-Clause;BSD-3-Clause-Attribution;BSD-3-Clause-Clear;BSD-3-Clause-No-Nuclear-License;BSD-3-Clause-No-Nuclear-License-2014;BSD-3-Clause-No-Nuclear-Warranty;BSD-4-Clause;BSD-Source-Code;ICU;MIT;MIT-advertising;MIT-feh;Mup;NCSA;PostgreSQL;Spencer-99;X11;Xnet;bzip2-1.0.6;curl;libtiff,
/file_5.30.tar.xz/srcdprintf.c,AMPAS;BSD-2-Clause;BSD-2-Clause-FreeBSD;BSD-2-Clause-NetBSD;BSD-3-Clause;BSD-3-Clause-Attribution;BSD-3-Clause-Clear;BSD-3-Clause-No-Nuclear-License;BSD-3-Clause-No-Nuclear-License-2014;BSD-3-Clause-No-Nuclear-Warranty;BSD-4-Clause;BSD-4-Clause-UC;BSD-Source-Code;Entessa;ICU;Intel;Mup;NCSA;Naumen;OLDAP-2.0;OLDAP-2.0.1;OLDAP-2.1;OLDAP-2.2;OLDAP-2.2.1;OLDAP-2.2.2;OLDAP-2.3;OLDAP-2.4;OLDAP-2.5;OLDAP-2.6;OLDAP-2.7;OLDAP-2.8;Plexus;SWL;Saxpath;Spencer-99;TOSL;VSL-1.0;X11;ZPL-2.0;ZPL-2.1;bzip2-1.0.5;bzip2-1.0.6,
/file_5.30.tar.xz/srcelfclass.h,AMPAS;Apache-1.0;Apache-1.1;BSD-2-Clause-FreeBSD;BSD-2-Clause-Patent;BSD-3-Clause-LBNL;Caldera;Entessa;Intel;MTLL;Naumen;OLDAP-2.0;OLDAP-2.0.1;OLDAP-2.1;OLDAP-2.2;OLDAP-2.2.1;OLDAP-2.2.2;OLDAP-2.3;OLDAP-2.4;OLDAP-2.5;OLDAP-2.6;OLDAP-2.7;OLDAP-2.8;PHP-3.0;PHP-3.01;Plexus;SWL;Saxpath;TMate;TOSL;VSL-1.0;XFree86-1.1;ZPL-1.1;ZPL-2.0;ZPL-2.1;Zend-2.0;bzip2-1.0.5;xpp,
/file_5.30.tar.xz/srcencoding.c,BSD-2-Clause-FreeBSD;Net-SNMP,
/file_5.30.tar.xz/srcfile.c,BSD-2-Clause-FreeBSD,
/file_5.30.tar.xz/srcfile.h,BSD-2-Clause-FreeBSD,
/file_5.30.tar.xz/srcfile_opts.h,BSD-2-Clause-FreeBSD,
/file_5.30.tar.xz/srcfmtcheck.c,BSD-2-Clause-FreeBSD;MTLL;OpenSSL;Sleepycat,
/file_5.30.tar.xz/srcfsmagic.c,AMDPLPA;BSD-2-Clause-FreeBSD,
/file_5.30.tar.xz/srcfuncs.c,BSD-2-Clause-FreeBSD,
/file_5.30.tar.xz/srcgetline.c,AMPAS;Apache-1.0;Apache-1.1;BSD-2-Clause-FreeBSD;BSD-2-Clause-Patent;BSD-3-Clause-Attribution;BSD-3-Clause-Clear;BSD-3-Clause-LBNL;BSD-3-Clause-No-Nuclear-License;BSD-3-Clause-No-Nuclear-License-2014;BSD-3-Clause-No-Nuclear-Warranty;BSD-4-Clause;BSD-4-Clause-UC;Caldera;Entessa;Intel;NCSA;Naumen;OLDAP-2.0;OLDAP-2.0.1;OLDAP-2.1;OLDAP-2.2;OLDAP-2.2.1;OLDAP-2.2.2;OLDAP-2.3;OLDAP-2.4;OLDAP-2.5;OLDAP-2.6;OLDAP-2.7;OLDAP-2.8;PHP-3.0;PHP-3.01;Plexus;SWL;Saxpath;TMate;TOSL;VSL-1.0;XFree86-1.1;ZPL-1.1;ZPL-2.0;ZPL-2.1;Zend-2.0;bzip2-1.0.5;bzip2-1.0.6;xpp,
/file_5.30.tar.xz/srcgetopt_long.c,BSD-2-Clause-FreeBSD,
/file_5.30.tar.xz/srcgmtime_r.c,BSD-2-Clause-FreeBSD,
/file_5.30.tar.xz/srcis_tar.c,BSD-2-Clause-FreeBSD;MTLL;PHP-3.0;PHP-3.01;ZPL-1.1,
/file_5.30.tar.xz/srclocaltime_r.c,BSD-2-Clause-FreeBSD,
/file_5.30.tar.xz/srcmagic.c,BSD-2-Clause-FreeBSD;Net-SNMP,
/file_5.30.tar.xz/srcmagic.h.in,AMDPLPA;BSD-2-Clause-FreeBSD;MTLL;OpenSSL;Sleepycat,
/file_5.30.tar.xz/srcmygetopt.h,AMPAS;Adobe-2006;Apache-1.0;Apache-1.1;BSD-2-Clause-FreeBSD;BSD-2-Clause-Patent;BSD-3-Clause-Clear;BSD-3-Clause-LBNL;BSD-3-Clause-No-Nuclear-License;BSD-3-Clause-No-Nuclear-License-2014;BSD-3-Clause-No-Nuclear-Warranty;BSD-4-Clause-UC;Caldera;Entessa;Intel;NCSA;Naumen;OLDAP-2.0;OLDAP-2.0.1;OLDAP-2.1;OLDAP-2.2;OLDAP-2.2.1;OLDAP-2.2.2;OLDAP-2.3;OLDAP-2.4;OLDAP-2.5;OLDAP-2.6;OLDAP-2.7;OLDAP-2.8;PHP-3.0;PHP-3.01;Plexus;SWL;Saxpath;TMate;TOSL;VSL-1.0;XFree86-1.1;ZPL-1.1;ZPL-2.0;ZPL-2.1;Zend-2.0;bzip2-1.0.5;bzip2-1.0.6;xpp,
/file_5.30.tar.xz/srcpread.c,BSD-2-Clause-FreeBSD,
/file_5.30.tar.xz/srcprint.c,AMDPLPA;BSD-2-Clause-FreeBSD;OpenSSL;Sleepycat,
/file_5.30.tar.xz/srcreadcdf.c,BSD-2-Clause-FreeBSD;Net-SNMP,
/file_5.30.tar.xz/srcreadelf.c,BSD-2-Clause-FreeBSD,
/file_5.30.tar.xz/srcreadelf.h,BSD-2-Clause-FreeBSD,
/file_5.30.tar.xz/srcsoftmagic.c,BSD-2-Clause-FreeBSD,
/file_5.30.tar.xz/srcstrcasestr.c,AMPAS;Adobe-2006;Apache-1.0;Apache-1.1;BSD-2-Clause-FreeBSD;BSD-2-Clause-Patent;BSD-3-Clause-LBNL;BSD-3-Clause-No-Nuclear-License;BSD-3-Clause-No-Nuclear-License-2014;BSD-3-Clause-No-Nuclear-Warranty;BSD-4-Clause-UC;Caldera;Entessa;Intel;NCSA;Naumen;OLDAP-2.0;OLDAP-2.0.1;OLDAP-2.1;OLDAP-2.2;OLDAP-2.2.1;OLDAP-2.2.2;OLDAP-2.3;OLDAP-2.4;OLDAP-2.5;OLDAP-2.6;OLDAP-2.7;OLDAP-2.8;PHP-3.0;PHP-3.01;Plexus;SWL;Saxpath;TCL;TMate;TOSL;VSL-1.0;XFree86-1.1;ZPL-1.1;ZPL-2.0;ZPL-2.1;Zend-2.0;bzip2-1.0.5;bzip2-1.0.6;xpp,
/file_5.30.tar.xz/srcstrlcat.c,BSD-2-Clause-FreeBSD;HPND;ICU;JSON;MIT;MIT-CMU;MIT-advertising;MIT-feh;SGI-B-2.0;SMLNJ;StandardML-NJ;X11;Xnet;curl;libtiff,
/file_5.30.tar.xz/srcstrlcpy.c,BSD-2-Clause-FreeBSD;HPND;ICU;JSON;MIT;MIT-CMU;MIT-advertising;MIT-feh;SGI-B-2.0;SMLNJ;StandardML-NJ;X11;Xnet;curl;libtiff,
/file_5.30.tar.xz/srctar.h,AMPAS;Apache-1.0;Apache-1.1;BSD-2-Clause-FreeBSD;BSD-2-Clause-Patent;BSD-3-Clause-Attribution;BSD-3-Clause-Clear;BSD-3-Clause-LBNL;BSD-3-Clause-No-Nuclear-License;BSD-3-Clause-No-Nuclear-License-2014;BSD-3-Clause-No-Nuclear-Warranty;BSD-4-Clause-UC;Caldera;Entessa;Intel;NCSA;Naumen;OLDAP-2.0;OLDAP-2.0.1;OLDAP-2.1;OLDAP-2.2;OLDAP-2.2.1;OLDAP-2.2.2;OLDAP-2.3;OLDAP-2.4;OLDAP-2.5;OLDAP-2.6;OLDAP-2.7;OLDAP-2.8;PHP-3.0;PHP-3.01;Plexus;SWL;Saxpath;TMate;TOSL;VSL-1.0;XFree86-1.1;ZPL-1.1;ZPL-2.0;ZPL-2.1;Zend-2.0;bzip2-1.0.5;bzip2-1.0.6;xpp,
/file_5.30.tar.xz/srcvasprintf.c,BSD-2-Clause-FreeBSD;Net-SNMP,
/file_5.30.tar.xz/testsMakefile.am,BSD-2-Clause-FreeBSD,
/file_5.30.tar.xz/testsMakefile.in,BSD-2-Clause-FreeBSD;GPL-1.0;GPL-1.0+;GPL-1.0-only;GPL-1.0-or-later;GPL-2.0;GPL-2.0+;GPL-2.0-only;GPL-2.0-or-later,
/file_5.30.tar.xz/testsREADME,BSD-2-Clause-FreeBSD,
/file_5.30.tar.xz/testsescapevel.result,BSD-2-Clause-FreeBSD,
/file_5.30.tar.xz/testsescapevel.testfile,BSD-2-Clause-FreeBSD,
/file_5.30.tar.xz/testsgedcom.result,BSD-2-Clause-FreeBSD,
/file_5.30.tar.xz/testsgedcom.testfile,BSD-2-Clause-FreeBSD,
/file_5.30.tar.xz/testsissue311docx.result,BSD-2-Clause-FreeBSD,
/file_5.30.tar.xz/testsissue311docx.testfile,BSD-2-Clause-FreeBSD,
/file_5.30.tar.xz/teststest.c,AMPAS;Apache-1.0;Apache-1.1;BSD-2-Clause-FreeBSD;BSD-2-Clause-Patent;BSD-3-Clause-LBNL;Caldera;Entessa;Intel;MTLL;Naumen;OLDAP-2.0;OLDAP-2.0.1;OLDAP-2.1;OLDAP-2.2;OLDAP-2.2.1;OLDAP-2.2.2;OLDAP-2.3;OLDAP-2.4;OLDAP-2.5;OLDAP-2.6;OLDAP-2.7;OLDAP-2.8;PHP-3.0;PHP-3.01;Plexus;SWL;Saxpath;TMate;TOSL;VSL-1.0;XFree86-1.1;ZPL-1.1;ZPL-2.0;ZPL-2.1;Zend-2.0;bzip2-1.0.5;xpp,
