/spdx-testfiles-1.0-for-license-list-2.6.tar/noid/0BSD.c,UNKNOWN,
/spdx-testfiles-1.0-for-license-list-2.6.tar/noid/AAL.c,UNKNOWN,
/spdx-testfiles-1.0-for-license-list-2.6.tar/noid/ADSL.c,UNKNOWN,
/spdx-testfiles-1.0-for-license-list-2.6.tar/noid/AFL-1.1.c,UNKNOWN,
/spdx-testfiles-1.0-for-license-list-2.6.tar/noid/AFL-1.2.c,UNKNOWN,
/spdx-testfiles-1.0-for-license-list-2.6.tar/noid/AFL-2.0.c,UNKNOWN,
/spdx-testfiles-1.0-for-license-list-2.6.tar/noid/AFL-2.1.c,UNKNOWN,
/spdx-testfiles-1.0-for-license-list-2.6.tar/noid/AFL-3.0.c,UNKNOWN,
/spdx-testfiles-1.0-for-license-list-2.6.tar/noid/AGPL-1.0.c,UNKNOWN,
/spdx-testfiles-1.0-for-license-list-2.6.tar/noid/AGPL-3.0.c,UNKNOWN,
/spdx-testfiles-1.0-for-license-list-2.6.tar/noid/AMDPLPA.c,UNKNOWN,
/spdx-testfiles-1.0-for-license-list-2.6.tar/noid/AML.c,UNKNOWN,
/spdx-testfiles-1.0-for-license-list-2.6.tar/noid/AMPAS.c,UNKNOWN,
/spdx-testfiles-1.0-for-license-list-2.6.tar/noid/ANTLR-PD.c,UNKNOWN,
/spdx-testfiles-1.0-for-license-list-2.6.tar/noid/APAFML.c,UNKNOWN,
/spdx-testfiles-1.0-for-license-list-2.6.tar/noid/APL-1.0.c,UNKNOWN,
/spdx-testfiles-1.0-for-license-list-2.6.tar/noid/APSL-1.0.c,UNKNOWN,
/spdx-testfiles-1.0-for-license-list-2.6.tar/noid/APSL-1.1.c,UNKNOWN,
/spdx-testfiles-1.0-for-license-list-2.6.tar/noid/APSL-1.2.c,UNKNOWN,
/spdx-testfiles-1.0-for-license-list-2.6.tar/noid/APSL-2.0.c,UNKNOWN,
/spdx-testfiles-1.0-for-license-list-2.6.tar/noid/Abstyles.c,UNKNOWN,
/spdx-testfiles-1.0-for-license-list-2.6.tar/noid/Adobe-2006.c,UNKNOWN,
/spdx-testfiles-1.0-for-license-list-2.6.tar/noid/Adobe-Glyph.c,UNKNOWN,
/spdx-testfiles-1.0-for-license-list-2.6.tar/noid/Afmparse.c,UNKNOWN,
/spdx-testfiles-1.0-for-license-list-2.6.tar/noid/Aladdin.c,UNKNOWN,
/spdx-testfiles-1.0-for-license-list-2.6.tar/noid/Apache-1.0.c,Apache-1.0,
/spdx-testfiles-1.0-for-license-list-2.6.tar/noid/Apache-1.1.c,UNKNOWN,
/spdx-testfiles-1.0-for-license-list-2.6.tar/noid/Apache-2.0.c,Apache-2.0,
/spdx-testfiles-1.0-for-license-list-2.6.tar/noid/Artistic-1.0-Perl.c,UNKNOWN,
/spdx-testfiles-1.0-for-license-list-2.6.tar/noid/Artistic-1.0-cl8.c,UNKNOWN,
/spdx-testfiles-1.0-for-license-list-2.6.tar/noid/Artistic-1.0.c,UNKNOWN,
/spdx-testfiles-1.0-for-license-list-2.6.tar/noid/Artistic-2.0.c,UNKNOWN,
/spdx-testfiles-1.0-for-license-list-2.6.tar/noid/BSD-2-Clause-FreeBSD.c,spdxBSD2,
/spdx-testfiles-1.0-for-license-list-2.6.tar/noid/BSD-2-Clause-NetBSD.c,spdxBSD2,
/spdx-testfiles-1.0-for-license-list-2.6.tar/noid/BSD-2-Clause.c,spdxBSD2,
/spdx-testfiles-1.0-for-license-list-2.6.tar/noid/BSD-3-Clause-Attribution.c,UNKNOWN,
/spdx-testfiles-1.0-for-license-list-2.6.tar/noid/BSD-3-Clause-Clear.c,UNKNOWN,
/spdx-testfiles-1.0-for-license-list-2.6.tar/noid/BSD-3-Clause-LBNL.c,BSD3,
/spdx-testfiles-1.0-for-license-list-2.6.tar/noid/BSD-3-Clause-No-Nuclear-License-2014.c,BSD3,
/spdx-testfiles-1.0-for-license-list-2.6.tar/noid/BSD-3-Clause-No-Nuclear-License.c,UNKNOWN,
/spdx-testfiles-1.0-for-license-list-2.6.tar/noid/BSD-3-Clause-No-Nuclear-Warranty.c,UNKNOWN,
/spdx-testfiles-1.0-for-license-list-2.6.tar/noid/BSD-3-Clause.c,BSD3,
/spdx-testfiles-1.0-for-license-list-2.6.tar/noid/BSD-4-Clause-UC.c,BSD4,
/spdx-testfiles-1.0-for-license-list-2.6.tar/noid/BSD-4-Clause.c,BSD4,
/spdx-testfiles-1.0-for-license-list-2.6.tar/noid/BSD-Protection.c,UNKNOWN,
/spdx-testfiles-1.0-for-license-list-2.6.tar/noid/BSD-Source-Code.c,UNKNOWN,
/spdx-testfiles-1.0-for-license-list-2.6.tar/noid/BSL-1.0.c,UNKNOWN,
/spdx-testfiles-1.0-for-license-list-2.6.tar/noid/Bahyph.c,UNKNOWN,
/spdx-testfiles-1.0-for-license-list-2.6.tar/noid/Barr.c,UNKNOWN,
/spdx-testfiles-1.0-for-license-list-2.6.tar/noid/Beerware.c,BeerWareVer42,
/spdx-testfiles-1.0-for-license-list-2.6.tar/noid/BitTorrent-1.0.c,UNKNOWN,
/spdx-testfiles-1.0-for-license-list-2.6.tar/noid/BitTorrent-1.1.c,UNKNOWN,
/spdx-testfiles-1.0-for-license-list-2.6.tar/noid/Borceux.c,UNKNOWN,
/spdx-testfiles-1.0-for-license-list-2.6.tar/noid/CATOSL-1.1.c,UNKNOWN,
/spdx-testfiles-1.0-for-license-list-2.6.tar/noid/CC-BY-1.0.c,UNKNOWN,
/spdx-testfiles-1.0-for-license-list-2.6.tar/noid/CC-BY-2.0.c,UNKNOWN,
/spdx-testfiles-1.0-for-license-list-2.6.tar/noid/CC-BY-2.5.c,UNKNOWN,
/spdx-testfiles-1.0-for-license-list-2.6.tar/noid/CC-BY-3.0.c,UNKNOWN,
/spdx-testfiles-1.0-for-license-list-2.6.tar/noid/CC-BY-4.0.c,UNKNOWN,
/spdx-testfiles-1.0-for-license-list-2.6.tar/noid/CC-BY-NC-1.0.c,UNKNOWN,
/spdx-testfiles-1.0-for-license-list-2.6.tar/noid/CC-BY-NC-2.0.c,UNKNOWN,
/spdx-testfiles-1.0-for-license-list-2.6.tar/noid/CC-BY-NC-2.5.c,UNKNOWN,
/spdx-testfiles-1.0-for-license-list-2.6.tar/noid/CC-BY-NC-3.0.c,UNKNOWN,
/spdx-testfiles-1.0-for-license-list-2.6.tar/noid/CC-BY-NC-4.0.c,UNKNOWN,
/spdx-testfiles-1.0-for-license-list-2.6.tar/noid/CC-BY-NC-ND-1.0.c,UNKNOWN,
/spdx-testfiles-1.0-for-license-list-2.6.tar/noid/CC-BY-NC-ND-2.0.c,UNKNOWN,
/spdx-testfiles-1.0-for-license-list-2.6.tar/noid/CC-BY-NC-ND-2.5.c,UNKNOWN,
/spdx-testfiles-1.0-for-license-list-2.6.tar/noid/CC-BY-NC-ND-3.0.c,UNKNOWN,
/spdx-testfiles-1.0-for-license-list-2.6.tar/noid/CC-BY-NC-ND-4.0.c,UNKNOWN,
/spdx-testfiles-1.0-for-license-list-2.6.tar/noid/CC-BY-NC-SA-1.0.c,UNKNOWN,
/spdx-testfiles-1.0-for-license-list-2.6.tar/noid/CC-BY-NC-SA-2.0.c,UNKNOWN,
/spdx-testfiles-1.0-for-license-list-2.6.tar/noid/CC-BY-NC-SA-2.5.c,UNKNOWN,
/spdx-testfiles-1.0-for-license-list-2.6.tar/noid/CC-BY-NC-SA-3.0.c,UNKNOWN,
/spdx-testfiles-1.0-for-license-list-2.6.tar/noid/CC-BY-NC-SA-4.0.c,UNKNOWN,
/spdx-testfiles-1.0-for-license-list-2.6.tar/noid/CC-BY-ND-1.0.c,UNKNOWN,
/spdx-testfiles-1.0-for-license-list-2.6.tar/noid/CC-BY-ND-2.0.c,UNKNOWN,
/spdx-testfiles-1.0-for-license-list-2.6.tar/noid/CC-BY-ND-2.5.c,UNKNOWN,
/spdx-testfiles-1.0-for-license-list-2.6.tar/noid/CC-BY-ND-3.0.c,UNKNOWN,
/spdx-testfiles-1.0-for-license-list-2.6.tar/noid/CC-BY-ND-4.0.c,UNKNOWN,
/spdx-testfiles-1.0-for-license-list-2.6.tar/noid/CC-BY-SA-1.0.c,UNKNOWN,
/spdx-testfiles-1.0-for-license-list-2.6.tar/noid/CC-BY-SA-2.0.c,UNKNOWN,
/spdx-testfiles-1.0-for-license-list-2.6.tar/noid/CC-BY-SA-2.5.c,UNKNOWN,
/spdx-testfiles-1.0-for-license-list-2.6.tar/noid/CC-BY-SA-3.0.c,UNKNOWN,
/spdx-testfiles-1.0-for-license-list-2.6.tar/noid/CC-BY-SA-4.0.c,UNKNOWN,
/spdx-testfiles-1.0-for-license-list-2.6.tar/noid/CC0-1.0.c,UNKNOWN,
/spdx-testfiles-1.0-for-license-list-2.6.tar/noid/CDDL-1.0.c,UNKNOWN,
/spdx-testfiles-1.0-for-license-list-2.6.tar/noid/CDDL-1.1.c,UNKNOWN,
/spdx-testfiles-1.0-for-license-list-2.6.tar/noid/CECILL-1.0.c,UNKNOWN,
/spdx-testfiles-1.0-for-license-list-2.6.tar/noid/CECILL-1.1.c,UNKNOWN,
/spdx-testfiles-1.0-for-license-list-2.6.tar/noid/CECILL-2.0.c,UNKNOWN,
/spdx-testfiles-1.0-for-license-list-2.6.tar/noid/CECILL-2.1.c,UNKNOWN,
/spdx-testfiles-1.0-for-license-list-2.6.tar/noid/CECILL-B.c,UNKNOWN,
/spdx-testfiles-1.0-for-license-list-2.6.tar/noid/CECILL-C.c,UNKNOWN,
/spdx-testfiles-1.0-for-license-list-2.6.tar/noid/CNRI-Jython.c,UNKNOWN,
/spdx-testfiles-1.0-for-license-list-2.6.tar/noid/CNRI-Python-GPL-Compatible.c,UNKNOWN,
/spdx-testfiles-1.0-for-license-list-2.6.tar/noid/CNRI-Python.c,UNKNOWN,
/spdx-testfiles-1.0-for-license-list-2.6.tar/noid/CPAL-1.0.c,UNKNOWN,
/spdx-testfiles-1.0-for-license-list-2.6.tar/noid/CPL-1.0.c,UNKNOWN,
/spdx-testfiles-1.0-for-license-list-2.6.tar/noid/CPOL-1.02.c,UNKNOWN,
/spdx-testfiles-1.0-for-license-list-2.6.tar/noid/CUA-OPL-1.0.c,UNKNOWN,
/spdx-testfiles-1.0-for-license-list-2.6.tar/noid/Caldera.c,UNKNOWN,
/spdx-testfiles-1.0-for-license-list-2.6.tar/noid/ClArtistic.c,UNKNOWN,
/spdx-testfiles-1.0-for-license-list-2.6.tar/noid/Condor-1.1.c,UNKNOWN,
/spdx-testfiles-1.0-for-license-list-2.6.tar/noid/Crossword.c,UNKNOWN,
/spdx-testfiles-1.0-for-license-list-2.6.tar/noid/CrystalStacker.c,UNKNOWN,
/spdx-testfiles-1.0-for-license-list-2.6.tar/noid/Cube.c,UNKNOWN,
/spdx-testfiles-1.0-for-license-list-2.6.tar/noid/D-FSL-1.0.c,UNKNOWN,
/spdx-testfiles-1.0-for-license-list-2.6.tar/noid/DOC.c,UNKNOWN,
/spdx-testfiles-1.0-for-license-list-2.6.tar/noid/DSDP.c,UNKNOWN,
/spdx-testfiles-1.0-for-license-list-2.6.tar/noid/Dotseqn.c,UNKNOWN,
/spdx-testfiles-1.0-for-license-list-2.6.tar/noid/ECL-1.0.c,UNKNOWN,
/spdx-testfiles-1.0-for-license-list-2.6.tar/noid/ECL-2.0.c,UNKNOWN,
/spdx-testfiles-1.0-for-license-list-2.6.tar/noid/EFL-1.0.c,UNKNOWN,
/spdx-testfiles-1.0-for-license-list-2.6.tar/noid/EFL-2.0.c,UNKNOWN,
/spdx-testfiles-1.0-for-license-list-2.6.tar/noid/EPL-1.0.c,UNKNOWN,
/spdx-testfiles-1.0-for-license-list-2.6.tar/noid/EUDatagrid.c,UNKNOWN,
/spdx-testfiles-1.0-for-license-list-2.6.tar/noid/EUPL-1.0.c,UNKNOWN,
/spdx-testfiles-1.0-for-license-list-2.6.tar/noid/EUPL-1.1.c,UNKNOWN,
/spdx-testfiles-1.0-for-license-list-2.6.tar/noid/Entessa.c,UNKNOWN,
/spdx-testfiles-1.0-for-license-list-2.6.tar/noid/ErlPL-1.1.c,UNKNOWN,
/spdx-testfiles-1.0-for-license-list-2.6.tar/noid/Eurosym.c,UNKNOWN,
/spdx-testfiles-1.0-for-license-list-2.6.tar/noid/FSFAP.c,UNKNOWN,
/spdx-testfiles-1.0-for-license-list-2.6.tar/noid/FSFUL.c,FSFUnlimited,
/spdx-testfiles-1.0-for-license-list-2.6.tar/noid/FSFULLR.c,UNKNOWN,
/spdx-testfiles-1.0-for-license-list-2.6.tar/noid/FTL.c,UNKNOWN,
/spdx-testfiles-1.0-for-license-list-2.6.tar/noid/Fair.c,UNKNOWN,
/spdx-testfiles-1.0-for-license-list-2.6.tar/noid/Frameworx-1.0.c,UNKNOWN,
/spdx-testfiles-1.0-for-license-list-2.6.tar/noid/FreeImage.c,UNKNOWN,
/spdx-testfiles-1.0-for-license-list-2.6.tar/noid/GFDL-1.1.c,UNKNOWN,
/spdx-testfiles-1.0-for-license-list-2.6.tar/noid/GFDL-1.2.c,UNKNOWN,
/spdx-testfiles-1.0-for-license-list-2.6.tar/noid/GFDL-1.3.c,UNKNOWN,
/spdx-testfiles-1.0-for-license-list-2.6.tar/noid/GL2PS.c,UNKNOWN,
/spdx-testfiles-1.0-for-license-list-2.6.tar/noid/GPL-1.0+.c,GPLv1+,
/spdx-testfiles-1.0-for-license-list-2.6.tar/noid/GPL-1.0.c,GPLv1,
/spdx-testfiles-1.0-for-license-list-2.6.tar/noid/GPL-2.0+.c,GPLv2+,
/spdx-testfiles-1.0-for-license-list-2.6.tar/noid/GPL-2.0-with-GCC-exception.c,UNKNOWN,
/spdx-testfiles-1.0-for-license-list-2.6.tar/noid/GPL-2.0-with-autoconf-exception.c,UNKNOWN,
/spdx-testfiles-1.0-for-license-list-2.6.tar/noid/GPL-2.0-with-bison-exception.c,BisonException,
/spdx-testfiles-1.0-for-license-list-2.6.tar/noid/GPL-2.0-with-classpath-exception.c,"GPLnoVersion,LinkException",
/spdx-testfiles-1.0-for-license-list-2.6.tar/noid/GPL-2.0-with-font-exception.c,UNKNOWN,
/spdx-testfiles-1.0-for-license-list-2.6.tar/noid/GPL-2.0.c,GPLv2,
/spdx-testfiles-1.0-for-license-list-2.6.tar/noid/GPL-3.0+.c,GPLv3+,
/spdx-testfiles-1.0-for-license-list-2.6.tar/noid/GPL-3.0-with-GCC-exception.c,UNKNOWN,
/spdx-testfiles-1.0-for-license-list-2.6.tar/noid/GPL-3.0-with-autoconf-exception.c,UNKNOWN,
/spdx-testfiles-1.0-for-license-list-2.6.tar/noid/GPL-3.0.c,UNKNOWN,
/spdx-testfiles-1.0-for-license-list-2.6.tar/noid/Giftware.c,UNKNOWN,
/spdx-testfiles-1.0-for-license-list-2.6.tar/noid/Glide.c,UNKNOWN,
/spdx-testfiles-1.0-for-license-list-2.6.tar/noid/Glulxe.c,UNKNOWN,
/spdx-testfiles-1.0-for-license-list-2.6.tar/noid/HPND.c,UNKNOWN,
/spdx-testfiles-1.0-for-license-list-2.6.tar/noid/HaskellReport.c,UNKNOWN,
/spdx-testfiles-1.0-for-license-list-2.6.tar/noid/IBM-pibs.c,UNKNOWN,
/spdx-testfiles-1.0-for-license-list-2.6.tar/noid/ICU.c,MITX11noNotice,
/spdx-testfiles-1.0-for-license-list-2.6.tar/noid/IJG.c,UNKNOWN,
/spdx-testfiles-1.0-for-license-list-2.6.tar/noid/IPA.c,UNKNOWN,
/spdx-testfiles-1.0-for-license-list-2.6.tar/noid/IPL-1.0.c,UNKNOWN,
/spdx-testfiles-1.0-for-license-list-2.6.tar/noid/ISC.c,BindMITX11Var,
/spdx-testfiles-1.0-for-license-list-2.6.tar/noid/ImageMagick.c,UNKNOWN,
/spdx-testfiles-1.0-for-license-list-2.6.tar/noid/Imlib2.c,MITX11noNotice,
/spdx-testfiles-1.0-for-license-list-2.6.tar/noid/Info-ZIP.c,UNKNOWN,
/spdx-testfiles-1.0-for-license-list-2.6.tar/noid/Intel-ACPI.c,UNKNOWN,
/spdx-testfiles-1.0-for-license-list-2.6.tar/noid/Intel.c,BSD3,
/spdx-testfiles-1.0-for-license-list-2.6.tar/noid/Interbase-1.0.c,UNKNOWN,
/spdx-testfiles-1.0-for-license-list-2.6.tar/noid/JSON.c,MIT,
/spdx-testfiles-1.0-for-license-list-2.6.tar/noid/JasPer-2.0.c,UNKNOWN,
/spdx-testfiles-1.0-for-license-list-2.6.tar/noid/LAL-1.2.c,UNKNOWN,
/spdx-testfiles-1.0-for-license-list-2.6.tar/noid/LAL-1.3.c,UNKNOWN,
/spdx-testfiles-1.0-for-license-list-2.6.tar/noid/LGPL-2.0+.c,LibraryGPLv2+,
/spdx-testfiles-1.0-for-license-list-2.6.tar/noid/LGPL-2.0.c,LibraryGPLv2,
/spdx-testfiles-1.0-for-license-list-2.6.tar/noid/LGPL-2.1+.c,LGPL-2.1-or-later,
/spdx-testfiles-1.0-for-license-list-2.6.tar/noid/LGPL-2.1.c,LGPL-2.1-only,
/spdx-testfiles-1.0-for-license-list-2.6.tar/noid/LGPL-3.0+.c,UNKNOWN,
/spdx-testfiles-1.0-for-license-list-2.6.tar/noid/LGPL-3.0.c,UNKNOWN,
/spdx-testfiles-1.0-for-license-list-2.6.tar/noid/LGPLLR.c,UNKNOWN,
/spdx-testfiles-1.0-for-license-list-2.6.tar/noid/LPL-1.0.c,UNKNOWN,
/spdx-testfiles-1.0-for-license-list-2.6.tar/noid/LPL-1.02.c,UNKNOWN,
/spdx-testfiles-1.0-for-license-list-2.6.tar/noid/LPPL-1.0.c,UNKNOWN,
/spdx-testfiles-1.0-for-license-list-2.6.tar/noid/LPPL-1.1.c,UNKNOWN,
/spdx-testfiles-1.0-for-license-list-2.6.tar/noid/LPPL-1.2.c,UNKNOWN,
/spdx-testfiles-1.0-for-license-list-2.6.tar/noid/LPPL-1.3a.c,UNKNOWN,
/spdx-testfiles-1.0-for-license-list-2.6.tar/noid/LPPL-1.3c.c,UNKNOWN,
/spdx-testfiles-1.0-for-license-list-2.6.tar/noid/Latex2e.c,UNKNOWN,
/spdx-testfiles-1.0-for-license-list-2.6.tar/noid/Leptonica.c,UNKNOWN,
/spdx-testfiles-1.0-for-license-list-2.6.tar/noid/LiLiQ-P-1.1.c,UNKNOWN,
/spdx-testfiles-1.0-for-license-list-2.6.tar/noid/LiLiQ-R-1.1.c,UNKNOWN,
/spdx-testfiles-1.0-for-license-list-2.6.tar/noid/LiLiQ-Rplus-1.1.c,UNKNOWN,
/spdx-testfiles-1.0-for-license-list-2.6.tar/noid/Libpng.c,UNKNOWN,
/spdx-testfiles-1.0-for-license-list-2.6.tar/noid/MIT-CMU.c,UNKNOWN,
/spdx-testfiles-1.0-for-license-list-2.6.tar/noid/MIT-advertising.c,MITX11noNotice,
/spdx-testfiles-1.0-for-license-list-2.6.tar/noid/MIT-enna.c,MITX11noNotice,
/spdx-testfiles-1.0-for-license-list-2.6.tar/noid/MIT-feh.c,MITX11noNotice,
/spdx-testfiles-1.0-for-license-list-2.6.tar/noid/MIT.c,MIT,
/spdx-testfiles-1.0-for-license-list-2.6.tar/noid/MITNFA.c,MITX11noNotice,
/spdx-testfiles-1.0-for-license-list-2.6.tar/noid/MPL-1.0.c,MPLv1_0,
/spdx-testfiles-1.0-for-license-list-2.6.tar/noid/MPL-1.1.c,MPLv1_1,
/spdx-testfiles-1.0-for-license-list-2.6.tar/noid/MPL-2.0-no-copyleft-exception.c,MPLv2,
/spdx-testfiles-1.0-for-license-list-2.6.tar/noid/MPL-2.0.c,MPLv2,
/spdx-testfiles-1.0-for-license-list-2.6.tar/noid/MS-PL.c,UNKNOWN,
/spdx-testfiles-1.0-for-license-list-2.6.tar/noid/MS-RL.c,UNKNOWN,
/spdx-testfiles-1.0-for-license-list-2.6.tar/noid/MTLL.c,UNKNOWN,
/spdx-testfiles-1.0-for-license-list-2.6.tar/noid/MakeIndex.c,UNKNOWN,
/spdx-testfiles-1.0-for-license-list-2.6.tar/noid/MirOS.c,UNKNOWN,
/spdx-testfiles-1.0-for-license-list-2.6.tar/noid/Motosoto.c,UNKNOWN,
/spdx-testfiles-1.0-for-license-list-2.6.tar/noid/Multics.c,UNKNOWN,
/spdx-testfiles-1.0-for-license-list-2.6.tar/noid/Mup.c,UNKNOWN,
/spdx-testfiles-1.0-for-license-list-2.6.tar/noid/NASA-1.3.c,UNKNOWN,
/spdx-testfiles-1.0-for-license-list-2.6.tar/noid/NBPL-1.0.c,UNKNOWN,
/spdx-testfiles-1.0-for-license-list-2.6.tar/noid/NCSA.c,MITX11noNotice,
/spdx-testfiles-1.0-for-license-list-2.6.tar/noid/NGPL.c,UNKNOWN,
/spdx-testfiles-1.0-for-license-list-2.6.tar/noid/NLOD-1.0.c,UNKNOWN,
/spdx-testfiles-1.0-for-license-list-2.6.tar/noid/NLPL.c,UNKNOWN,
/spdx-testfiles-1.0-for-license-list-2.6.tar/noid/NOSL.c,UNKNOWN,
/spdx-testfiles-1.0-for-license-list-2.6.tar/noid/NPL-1.0.c,UNKNOWN,
/spdx-testfiles-1.0-for-license-list-2.6.tar/noid/NPL-1.1.c,NPLv1_0,
/spdx-testfiles-1.0-for-license-list-2.6.tar/noid/NPOSL-3.0.c,UNKNOWN,
/spdx-testfiles-1.0-for-license-list-2.6.tar/noid/NRL.c,UNKNOWN,
/spdx-testfiles-1.0-for-license-list-2.6.tar/noid/NTP.c,UNKNOWN,
/spdx-testfiles-1.0-for-license-list-2.6.tar/noid/Naumen.c,UNKNOWN,
/spdx-testfiles-1.0-for-license-list-2.6.tar/noid/Net-SNMP.c,"spdxBSD3,spdxBSD3,spdxBSD3,BSD3,BSD3,BSD3",
/spdx-testfiles-1.0-for-license-list-2.6.tar/noid/NetCDF.c,UNKNOWN,
/spdx-testfiles-1.0-for-license-list-2.6.tar/noid/Newsletr.c,UNKNOWN,
/spdx-testfiles-1.0-for-license-list-2.6.tar/noid/Nokia.c,UNKNOWN,
/spdx-testfiles-1.0-for-license-list-2.6.tar/noid/Noweb.c,UNKNOWN,
/spdx-testfiles-1.0-for-license-list-2.6.tar/noid/Nunit.c,UNKNOWN,
/spdx-testfiles-1.0-for-license-list-2.6.tar/noid/OCCT-PL.c,UNKNOWN,
/spdx-testfiles-1.0-for-license-list-2.6.tar/noid/OCLC-2.0.c,UNKNOWN,
/spdx-testfiles-1.0-for-license-list-2.6.tar/noid/ODbL-1.0.c,SeeFile,
/spdx-testfiles-1.0-for-license-list-2.6.tar/noid/OFL-1.0.c,UNKNOWN,
/spdx-testfiles-1.0-for-license-list-2.6.tar/noid/OFL-1.1.c,UNKNOWN,
/spdx-testfiles-1.0-for-license-list-2.6.tar/noid/OGTSL.c,UNKNOWN,
/spdx-testfiles-1.0-for-license-list-2.6.tar/noid/OLDAP-1.1.c,UNKNOWN,
/spdx-testfiles-1.0-for-license-list-2.6.tar/noid/OLDAP-1.2.c,UNKNOWN,
/spdx-testfiles-1.0-for-license-list-2.6.tar/noid/OLDAP-1.3.c,UNKNOWN,
/spdx-testfiles-1.0-for-license-list-2.6.tar/noid/OLDAP-1.4.c,UNKNOWN,
/spdx-testfiles-1.0-for-license-list-2.6.tar/noid/OLDAP-2.0.1.c,UNKNOWN,
/spdx-testfiles-1.0-for-license-list-2.6.tar/noid/OLDAP-2.0.c,UNKNOWN,
/spdx-testfiles-1.0-for-license-list-2.6.tar/noid/OLDAP-2.1.c,UNKNOWN,
/spdx-testfiles-1.0-for-license-list-2.6.tar/noid/OLDAP-2.2.1.c,UNKNOWN,
/spdx-testfiles-1.0-for-license-list-2.6.tar/noid/OLDAP-2.2.2.c,UNKNOWN,
/spdx-testfiles-1.0-for-license-list-2.6.tar/noid/OLDAP-2.2.c,UNKNOWN,
/spdx-testfiles-1.0-for-license-list-2.6.tar/noid/OLDAP-2.3.c,UNKNOWN,
/spdx-testfiles-1.0-for-license-list-2.6.tar/noid/OLDAP-2.4.c,UNKNOWN,
/spdx-testfiles-1.0-for-license-list-2.6.tar/noid/OLDAP-2.5.c,UNKNOWN,
/spdx-testfiles-1.0-for-license-list-2.6.tar/noid/OLDAP-2.6.c,UNKNOWN,
/spdx-testfiles-1.0-for-license-list-2.6.tar/noid/OLDAP-2.7.c,UNKNOWN,
/spdx-testfiles-1.0-for-license-list-2.6.tar/noid/OLDAP-2.8.c,UNKNOWN,
/spdx-testfiles-1.0-for-license-list-2.6.tar/noid/OML.c,UNKNOWN,
/spdx-testfiles-1.0-for-license-list-2.6.tar/noid/OPL-1.0.c,UNKNOWN,
/spdx-testfiles-1.0-for-license-list-2.6.tar/noid/OSET-PL-2.1.c,UNKNOWN,
/spdx-testfiles-1.0-for-license-list-2.6.tar/noid/OSL-1.0.c,UNKNOWN,
/spdx-testfiles-1.0-for-license-list-2.6.tar/noid/OSL-1.1.c,UNKNOWN,
/spdx-testfiles-1.0-for-license-list-2.6.tar/noid/OSL-2.0.c,UNKNOWN,
/spdx-testfiles-1.0-for-license-list-2.6.tar/noid/OSL-2.1.c,UNKNOWN,
/spdx-testfiles-1.0-for-license-list-2.6.tar/noid/OSL-3.0.c,UNKNOWN,
/spdx-testfiles-1.0-for-license-list-2.6.tar/noid/OpenSSL.c,"openSSLvar1,Apache-1.0",
/spdx-testfiles-1.0-for-license-list-2.6.tar/noid/PDDL-1.0.c,UNKNOWN,
/spdx-testfiles-1.0-for-license-list-2.6.tar/noid/PHP-3.0.c,UNKNOWN,
/spdx-testfiles-1.0-for-license-list-2.6.tar/noid/PHP-3.01.c,UNKNOWN,
/spdx-testfiles-1.0-for-license-list-2.6.tar/noid/Plexus.c,UNKNOWN,
/spdx-testfiles-1.0-for-license-list-2.6.tar/noid/PostgreSQL.c,postgresql,
/spdx-testfiles-1.0-for-license-list-2.6.tar/noid/Python-2.0.c,UNKNOWN,
/spdx-testfiles-1.0-for-license-list-2.6.tar/noid/QPL-1.0.c,UNKNOWN,
/spdx-testfiles-1.0-for-license-list-2.6.tar/noid/Qhull.c,UNKNOWN,
/spdx-testfiles-1.0-for-license-list-2.6.tar/noid/RHeCos-1.1.c,UNKNOWN,
/spdx-testfiles-1.0-for-license-list-2.6.tar/noid/RPL-1.1.c,UNKNOWN,
/spdx-testfiles-1.0-for-license-list-2.6.tar/noid/RPL-1.5.c,UNKNOWN,
/spdx-testfiles-1.0-for-license-list-2.6.tar/noid/RPSL-1.0.c,UNKNOWN,
/spdx-testfiles-1.0-for-license-list-2.6.tar/noid/RSA-MD.c,UNKNOWN,
/spdx-testfiles-1.0-for-license-list-2.6.tar/noid/RSCPL.c,UNKNOWN,
/spdx-testfiles-1.0-for-license-list-2.6.tar/noid/Rdisc.c,UNKNOWN,
/spdx-testfiles-1.0-for-license-list-2.6.tar/noid/Ruby.c,UNKNOWN,
/spdx-testfiles-1.0-for-license-list-2.6.tar/noid/SAX-PD.c,UNKNOWN,
/spdx-testfiles-1.0-for-license-list-2.6.tar/noid/SCEA.c,UNKNOWN,
/spdx-testfiles-1.0-for-license-list-2.6.tar/noid/SGI-B-1.0.c,UNKNOWN,
/spdx-testfiles-1.0-for-license-list-2.6.tar/noid/SGI-B-1.1.c,UNKNOWN,
/spdx-testfiles-1.0-for-license-list-2.6.tar/noid/SGI-B-2.0.c,MITX11noNotice,
/spdx-testfiles-1.0-for-license-list-2.6.tar/noid/SISSL-1.2.c,UNKNOWN,
/spdx-testfiles-1.0-for-license-list-2.6.tar/noid/SISSL.c,UNKNOWN,
/spdx-testfiles-1.0-for-license-list-2.6.tar/noid/SMLNJ.c,UNKNOWN,
/spdx-testfiles-1.0-for-license-list-2.6.tar/noid/SMPPL.c,UNKNOWN,
/spdx-testfiles-1.0-for-license-list-2.6.tar/noid/SNIA.c,UNKNOWN,
/spdx-testfiles-1.0-for-license-list-2.6.tar/noid/SPL-1.0.c,UNKNOWN,
/spdx-testfiles-1.0-for-license-list-2.6.tar/noid/SWL.c,UNKNOWN,
/spdx-testfiles-1.0-for-license-list-2.6.tar/noid/Saxpath.c,UNKNOWN,
/spdx-testfiles-1.0-for-license-list-2.6.tar/noid/Sendmail.c,UNKNOWN,
/spdx-testfiles-1.0-for-license-list-2.6.tar/noid/SimPL-2.0.c,UNKNOWN,
/spdx-testfiles-1.0-for-license-list-2.6.tar/noid/Sleepycat.c,"spdxBSD3,spdxBSD3,SleepyCat",
/spdx-testfiles-1.0-for-license-list-2.6.tar/noid/Spencer-86.c,UNKNOWN,
/spdx-testfiles-1.0-for-license-list-2.6.tar/noid/Spencer-94.c,UNKNOWN,
/spdx-testfiles-1.0-for-license-list-2.6.tar/noid/Spencer-99.c,UNKNOWN,
/spdx-testfiles-1.0-for-license-list-2.6.tar/noid/StandardML-NJ.c,UNKNOWN,
/spdx-testfiles-1.0-for-license-list-2.6.tar/noid/SugarCRM-1.1.3.c,UNKNOWN,
/spdx-testfiles-1.0-for-license-list-2.6.tar/noid/TCL.c,UNKNOWN,
/spdx-testfiles-1.0-for-license-list-2.6.tar/noid/TCP-wrappers.c,UNKNOWN,
/spdx-testfiles-1.0-for-license-list-2.6.tar/noid/TMate.c,UNKNOWN,
/spdx-testfiles-1.0-for-license-list-2.6.tar/noid/TORQUE-1.1.c,UNKNOWN,
/spdx-testfiles-1.0-for-license-list-2.6.tar/noid/TOSL.c,UNKNOWN,
/spdx-testfiles-1.0-for-license-list-2.6.tar/noid/UPL-1.0.c,MITX11noNotice,
/spdx-testfiles-1.0-for-license-list-2.6.tar/noid/Unicode-DFS-2015.c,UNKNOWN,
/spdx-testfiles-1.0-for-license-list-2.6.tar/noid/Unicode-DFS-2016.c,UNKNOWN,
/spdx-testfiles-1.0-for-license-list-2.6.tar/noid/Unicode-TOU.c,UNKNOWN,
/spdx-testfiles-1.0-for-license-list-2.6.tar/noid/Unlicense.c,MITX11noNotice,
/spdx-testfiles-1.0-for-license-list-2.6.tar/noid/VOSTROM.c,UNKNOWN,
/spdx-testfiles-1.0-for-license-list-2.6.tar/noid/VSL-1.0.c,UNKNOWN,
/spdx-testfiles-1.0-for-license-list-2.6.tar/noid/Vim.c,UNKNOWN,
/spdx-testfiles-1.0-for-license-list-2.6.tar/noid/W3C-19980720.c,UNKNOWN,
/spdx-testfiles-1.0-for-license-list-2.6.tar/noid/W3C-20150513.c,UNKNOWN,
/spdx-testfiles-1.0-for-license-list-2.6.tar/noid/W3C.c,UNKNOWN,
/spdx-testfiles-1.0-for-license-list-2.6.tar/noid/WTFPL.c,UNKNOWN,
/spdx-testfiles-1.0-for-license-list-2.6.tar/noid/WXwindows.c,LibraryGPLv2+,
/spdx-testfiles-1.0-for-license-list-2.6.tar/noid/Watcom-1.0.c,UNKNOWN,
/spdx-testfiles-1.0-for-license-list-2.6.tar/noid/Wsuipa.c,UNKNOWN,
/spdx-testfiles-1.0-for-license-list-2.6.tar/noid/X11.c,X11,
/spdx-testfiles-1.0-for-license-list-2.6.tar/noid/XFree86-1.1.c,UNKNOWN,
/spdx-testfiles-1.0-for-license-list-2.6.tar/noid/XSkat.c,UNKNOWN,
/spdx-testfiles-1.0-for-license-list-2.6.tar/noid/Xerox.c,UNKNOWN,
/spdx-testfiles-1.0-for-license-list-2.6.tar/noid/Xnet.c,MIT,
/spdx-testfiles-1.0-for-license-list-2.6.tar/noid/YPL-1.0.c,UNKNOWN,
/spdx-testfiles-1.0-for-license-list-2.6.tar/noid/YPL-1.1.c,UNKNOWN,
/spdx-testfiles-1.0-for-license-list-2.6.tar/noid/ZPL-1.1.c,UNKNOWN,
/spdx-testfiles-1.0-for-license-list-2.6.tar/noid/ZPL-2.0.c,UNKNOWN,
/spdx-testfiles-1.0-for-license-list-2.6.tar/noid/ZPL-2.1.c,UNKNOWN,
/spdx-testfiles-1.0-for-license-list-2.6.tar/noid/Zed.c,UNKNOWN,
/spdx-testfiles-1.0-for-license-list-2.6.tar/noid/Zend-2.0.c,UNKNOWN,
/spdx-testfiles-1.0-for-license-list-2.6.tar/noid/Zimbra-1.3.c,UNKNOWN,
/spdx-testfiles-1.0-for-license-list-2.6.tar/noid/Zimbra-1.4.c,UNKNOWN,
/spdx-testfiles-1.0-for-license-list-2.6.tar/noid/Zlib.c,UNKNOWN,
/spdx-testfiles-1.0-for-license-list-2.6.tar/noid/bzip2-1.0.5.c,UNKNOWN,
/spdx-testfiles-1.0-for-license-list-2.6.tar/noid/bzip2-1.0.6.c,ZLIB,
/spdx-testfiles-1.0-for-license-list-2.6.tar/noid/curl.c,MITX11noNotice,
/spdx-testfiles-1.0-for-license-list-2.6.tar/noid/diffmark.c,UNKNOWN,
/spdx-testfiles-1.0-for-license-list-2.6.tar/noid/dvipdfm.c,UNKNOWN,
/spdx-testfiles-1.0-for-license-list-2.6.tar/noid/eCos-2.0.c,GPLv2+,
/spdx-testfiles-1.0-for-license-list-2.6.tar/noid/eGenix.c,UNKNOWN,
/spdx-testfiles-1.0-for-license-list-2.6.tar/noid/gSOAP-1.3b.c,UNKNOWN,
/spdx-testfiles-1.0-for-license-list-2.6.tar/noid/gnuplot.c,UNKNOWN,
/spdx-testfiles-1.0-for-license-list-2.6.tar/noid/iMatix.c,UNKNOWN,
/spdx-testfiles-1.0-for-license-list-2.6.tar/noid/libtiff.c,UNKNOWN,
/spdx-testfiles-1.0-for-license-list-2.6.tar/noid/mpich2.c,UNKNOWN,
/spdx-testfiles-1.0-for-license-list-2.6.tar/noid/psfrag.c,UNKNOWN,
/spdx-testfiles-1.0-for-license-list-2.6.tar/noid/psutils.c,UNKNOWN,
/spdx-testfiles-1.0-for-license-list-2.6.tar/noid/xinetd.c,UNKNOWN,
/spdx-testfiles-1.0-for-license-list-2.6.tar/noid/xpp.c,UNKNOWN,
/spdx-testfiles-1.0-for-license-list-2.6.tar/noid/zlib-acknowledgement.c,UNKNOWN,
/spdx-testfiles-1.0-for-license-list-2.6.tar/readme.txt,UNKNOWN,
/spdx-testfiles-1.0-for-license-list-2.6.tar/withid/0BSD.c,UNKNOWN,
/spdx-testfiles-1.0-for-license-list-2.6.tar/withid/AAL.c,UNKNOWN,
/spdx-testfiles-1.0-for-license-list-2.6.tar/withid/ADSL.c,UNKNOWN,
/spdx-testfiles-1.0-for-license-list-2.6.tar/withid/AFL-1.1.c,UNKNOWN,
/spdx-testfiles-1.0-for-license-list-2.6.tar/withid/AFL-1.2.c,UNKNOWN,
/spdx-testfiles-1.0-for-license-list-2.6.tar/withid/AFL-2.0.c,UNKNOWN,
/spdx-testfiles-1.0-for-license-list-2.6.tar/withid/AFL-2.1.c,UNKNOWN,
/spdx-testfiles-1.0-for-license-list-2.6.tar/withid/AFL-3.0.c,UNKNOWN,
/spdx-testfiles-1.0-for-license-list-2.6.tar/withid/AGPL-1.0.c,UNKNOWN,
/spdx-testfiles-1.0-for-license-list-2.6.tar/withid/AGPL-3.0.c,UNKNOWN,
/spdx-testfiles-1.0-for-license-list-2.6.tar/withid/AMDPLPA.c,UNKNOWN,
/spdx-testfiles-1.0-for-license-list-2.6.tar/withid/AML.c,UNKNOWN,
/spdx-testfiles-1.0-for-license-list-2.6.tar/withid/AMPAS.c,UNKNOWN,
/spdx-testfiles-1.0-for-license-list-2.6.tar/withid/ANTLR-PD.c,UNKNOWN,
/spdx-testfiles-1.0-for-license-list-2.6.tar/withid/APAFML.c,UNKNOWN,
/spdx-testfiles-1.0-for-license-list-2.6.tar/withid/APL-1.0.c,UNKNOWN,
/spdx-testfiles-1.0-for-license-list-2.6.tar/withid/APSL-1.0.c,UNKNOWN,
/spdx-testfiles-1.0-for-license-list-2.6.tar/withid/APSL-1.1.c,UNKNOWN,
/spdx-testfiles-1.0-for-license-list-2.6.tar/withid/APSL-1.2.c,UNKNOWN,
/spdx-testfiles-1.0-for-license-list-2.6.tar/withid/APSL-2.0.c,UNKNOWN,
/spdx-testfiles-1.0-for-license-list-2.6.tar/withid/Abstyles.c,UNKNOWN,
/spdx-testfiles-1.0-for-license-list-2.6.tar/withid/Adobe-2006.c,UNKNOWN,
/spdx-testfiles-1.0-for-license-list-2.6.tar/withid/Adobe-Glyph.c,UNKNOWN,
/spdx-testfiles-1.0-for-license-list-2.6.tar/withid/Afmparse.c,UNKNOWN,
/spdx-testfiles-1.0-for-license-list-2.6.tar/withid/Aladdin.c,UNKNOWN,
/spdx-testfiles-1.0-for-license-list-2.6.tar/withid/Apache-1.0.c,Apache-1.0,
/spdx-testfiles-1.0-for-license-list-2.6.tar/withid/Apache-1.1.c,UNKNOWN,
/spdx-testfiles-1.0-for-license-list-2.6.tar/withid/Apache-2.0.c,Apache-2.0,
/spdx-testfiles-1.0-for-license-list-2.6.tar/withid/Artistic-1.0-Perl.c,UNKNOWN,
/spdx-testfiles-1.0-for-license-list-2.6.tar/withid/Artistic-1.0-cl8.c,UNKNOWN,
/spdx-testfiles-1.0-for-license-list-2.6.tar/withid/Artistic-1.0.c,UNKNOWN,
/spdx-testfiles-1.0-for-license-list-2.6.tar/withid/Artistic-2.0.c,UNKNOWN,
/spdx-testfiles-1.0-for-license-list-2.6.tar/withid/BSD-2-Clause-FreeBSD.c,spdxBSD2,
/spdx-testfiles-1.0-for-license-list-2.6.tar/withid/BSD-2-Clause-NetBSD.c,spdxBSD2,
/spdx-testfiles-1.0-for-license-list-2.6.tar/withid/BSD-2-Clause.c,spdxBSD2,
/spdx-testfiles-1.0-for-license-list-2.6.tar/withid/BSD-3-Clause-Attribution.c,UNKNOWN,
/spdx-testfiles-1.0-for-license-list-2.6.tar/withid/BSD-3-Clause-Clear.c,UNKNOWN,
/spdx-testfiles-1.0-for-license-list-2.6.tar/withid/BSD-3-Clause-LBNL.c,BSD3,
/spdx-testfiles-1.0-for-license-list-2.6.tar/withid/BSD-3-Clause-No-Nuclear-License-2014.c,BSD3,
/spdx-testfiles-1.0-for-license-list-2.6.tar/withid/BSD-3-Clause-No-Nuclear-License.c,UNKNOWN,
/spdx-testfiles-1.0-for-license-list-2.6.tar/withid/BSD-3-Clause-No-Nuclear-Warranty.c,UNKNOWN,
/spdx-testfiles-1.0-for-license-list-2.6.tar/withid/BSD-3-Clause.c,BSD3,
/spdx-testfiles-1.0-for-license-list-2.6.tar/withid/BSD-4-Clause-UC.c,BSD4,
/spdx-testfiles-1.0-for-license-list-2.6.tar/withid/BSD-4-Clause.c,BSD4,
/spdx-testfiles-1.0-for-license-list-2.6.tar/withid/BSD-Protection.c,UNKNOWN,
/spdx-testfiles-1.0-for-license-list-2.6.tar/withid/BSD-Source-Code.c,UNKNOWN,
/spdx-testfiles-1.0-for-license-list-2.6.tar/withid/BSL-1.0.c,UNKNOWN,
/spdx-testfiles-1.0-for-license-list-2.6.tar/withid/Bahyph.c,UNKNOWN,
/spdx-testfiles-1.0-for-license-list-2.6.tar/withid/Barr.c,UNKNOWN,
/spdx-testfiles-1.0-for-license-list-2.6.tar/withid/Beerware.c,BeerWareVer42,
/spdx-testfiles-1.0-for-license-list-2.6.tar/withid/BitTorrent-1.0.c,UNKNOWN,
/spdx-testfiles-1.0-for-license-list-2.6.tar/withid/BitTorrent-1.1.c,UNKNOWN,
/spdx-testfiles-1.0-for-license-list-2.6.tar/withid/Borceux.c,UNKNOWN,
/spdx-testfiles-1.0-for-license-list-2.6.tar/withid/CATOSL-1.1.c,UNKNOWN,
/spdx-testfiles-1.0-for-license-list-2.6.tar/withid/CC-BY-1.0.c,UNKNOWN,
/spdx-testfiles-1.0-for-license-list-2.6.tar/withid/CC-BY-2.0.c,UNKNOWN,
/spdx-testfiles-1.0-for-license-list-2.6.tar/withid/CC-BY-2.5.c,UNKNOWN,
/spdx-testfiles-1.0-for-license-list-2.6.tar/withid/CC-BY-3.0.c,UNKNOWN,
/spdx-testfiles-1.0-for-license-list-2.6.tar/withid/CC-BY-4.0.c,UNKNOWN,
/spdx-testfiles-1.0-for-license-list-2.6.tar/withid/CC-BY-NC-1.0.c,UNKNOWN,
/spdx-testfiles-1.0-for-license-list-2.6.tar/withid/CC-BY-NC-2.0.c,UNKNOWN,
/spdx-testfiles-1.0-for-license-list-2.6.tar/withid/CC-BY-NC-2.5.c,UNKNOWN,
/spdx-testfiles-1.0-for-license-list-2.6.tar/withid/CC-BY-NC-3.0.c,UNKNOWN,
/spdx-testfiles-1.0-for-license-list-2.6.tar/withid/CC-BY-NC-4.0.c,UNKNOWN,
/spdx-testfiles-1.0-for-license-list-2.6.tar/withid/CC-BY-NC-ND-1.0.c,UNKNOWN,
/spdx-testfiles-1.0-for-license-list-2.6.tar/withid/CC-BY-NC-ND-2.0.c,UNKNOWN,
/spdx-testfiles-1.0-for-license-list-2.6.tar/withid/CC-BY-NC-ND-2.5.c,UNKNOWN,
/spdx-testfiles-1.0-for-license-list-2.6.tar/withid/CC-BY-NC-ND-3.0.c,UNKNOWN,
/spdx-testfiles-1.0-for-license-list-2.6.tar/withid/CC-BY-NC-ND-4.0.c,UNKNOWN,
/spdx-testfiles-1.0-for-license-list-2.6.tar/withid/CC-BY-NC-SA-1.0.c,UNKNOWN,
/spdx-testfiles-1.0-for-license-list-2.6.tar/withid/CC-BY-NC-SA-2.0.c,UNKNOWN,
/spdx-testfiles-1.0-for-license-list-2.6.tar/withid/CC-BY-NC-SA-2.5.c,UNKNOWN,
/spdx-testfiles-1.0-for-license-list-2.6.tar/withid/CC-BY-NC-SA-3.0.c,UNKNOWN,
/spdx-testfiles-1.0-for-license-list-2.6.tar/withid/CC-BY-NC-SA-4.0.c,UNKNOWN,
/spdx-testfiles-1.0-for-license-list-2.6.tar/withid/CC-BY-ND-1.0.c,UNKNOWN,
/spdx-testfiles-1.0-for-license-list-2.6.tar/withid/CC-BY-ND-2.0.c,UNKNOWN,
/spdx-testfiles-1.0-for-license-list-2.6.tar/withid/CC-BY-ND-2.5.c,UNKNOWN,
/spdx-testfiles-1.0-for-license-list-2.6.tar/withid/CC-BY-ND-3.0.c,UNKNOWN,
/spdx-testfiles-1.0-for-license-list-2.6.tar/withid/CC-BY-ND-4.0.c,UNKNOWN,
/spdx-testfiles-1.0-for-license-list-2.6.tar/withid/CC-BY-SA-1.0.c,UNKNOWN,
/spdx-testfiles-1.0-for-license-list-2.6.tar/withid/CC-BY-SA-2.0.c,UNKNOWN,
/spdx-testfiles-1.0-for-license-list-2.6.tar/withid/CC-BY-SA-2.5.c,UNKNOWN,
/spdx-testfiles-1.0-for-license-list-2.6.tar/withid/CC-BY-SA-3.0.c,UNKNOWN,
/spdx-testfiles-1.0-for-license-list-2.6.tar/withid/CC-BY-SA-4.0.c,UNKNOWN,
/spdx-testfiles-1.0-for-license-list-2.6.tar/withid/CC0-1.0.c,UNKNOWN,
/spdx-testfiles-1.0-for-license-list-2.6.tar/withid/CDDL-1.0.c,UNKNOWN,
/spdx-testfiles-1.0-for-license-list-2.6.tar/withid/CDDL-1.1.c,UNKNOWN,
/spdx-testfiles-1.0-for-license-list-2.6.tar/withid/CECILL-1.0.c,UNKNOWN,
/spdx-testfiles-1.0-for-license-list-2.6.tar/withid/CECILL-1.1.c,UNKNOWN,
/spdx-testfiles-1.0-for-license-list-2.6.tar/withid/CECILL-2.0.c,UNKNOWN,
/spdx-testfiles-1.0-for-license-list-2.6.tar/withid/CECILL-2.1.c,UNKNOWN,
/spdx-testfiles-1.0-for-license-list-2.6.tar/withid/CECILL-B.c,UNKNOWN,
/spdx-testfiles-1.0-for-license-list-2.6.tar/withid/CECILL-C.c,UNKNOWN,
/spdx-testfiles-1.0-for-license-list-2.6.tar/withid/CNRI-Jython.c,UNKNOWN,
/spdx-testfiles-1.0-for-license-list-2.6.tar/withid/CNRI-Python-GPL-Compatible.c,UNKNOWN,
/spdx-testfiles-1.0-for-license-list-2.6.tar/withid/CNRI-Python.c,UNKNOWN,
/spdx-testfiles-1.0-for-license-list-2.6.tar/withid/CPAL-1.0.c,UNKNOWN,
/spdx-testfiles-1.0-for-license-list-2.6.tar/withid/CPL-1.0.c,UNKNOWN,
/spdx-testfiles-1.0-for-license-list-2.6.tar/withid/CPOL-1.02.c,UNKNOWN,
/spdx-testfiles-1.0-for-license-list-2.6.tar/withid/CUA-OPL-1.0.c,UNKNOWN,
/spdx-testfiles-1.0-for-license-list-2.6.tar/withid/Caldera.c,UNKNOWN,
/spdx-testfiles-1.0-for-license-list-2.6.tar/withid/ClArtistic.c,UNKNOWN,
/spdx-testfiles-1.0-for-license-list-2.6.tar/withid/Condor-1.1.c,UNKNOWN,
/spdx-testfiles-1.0-for-license-list-2.6.tar/withid/Crossword.c,UNKNOWN,
/spdx-testfiles-1.0-for-license-list-2.6.tar/withid/CrystalStacker.c,UNKNOWN,
/spdx-testfiles-1.0-for-license-list-2.6.tar/withid/Cube.c,UNKNOWN,
/spdx-testfiles-1.0-for-license-list-2.6.tar/withid/D-FSL-1.0.c,UNKNOWN,
/spdx-testfiles-1.0-for-license-list-2.6.tar/withid/DOC.c,UNKNOWN,
/spdx-testfiles-1.0-for-license-list-2.6.tar/withid/DSDP.c,UNKNOWN,
/spdx-testfiles-1.0-for-license-list-2.6.tar/withid/Dotseqn.c,UNKNOWN,
/spdx-testfiles-1.0-for-license-list-2.6.tar/withid/ECL-1.0.c,UNKNOWN,
/spdx-testfiles-1.0-for-license-list-2.6.tar/withid/ECL-2.0.c,UNKNOWN,
/spdx-testfiles-1.0-for-license-list-2.6.tar/withid/EFL-1.0.c,UNKNOWN,
/spdx-testfiles-1.0-for-license-list-2.6.tar/withid/EFL-2.0.c,UNKNOWN,
/spdx-testfiles-1.0-for-license-list-2.6.tar/withid/EPL-1.0.c,UNKNOWN,
/spdx-testfiles-1.0-for-license-list-2.6.tar/withid/EUDatagrid.c,UNKNOWN,
/spdx-testfiles-1.0-for-license-list-2.6.tar/withid/EUPL-1.0.c,UNKNOWN,
/spdx-testfiles-1.0-for-license-list-2.6.tar/withid/EUPL-1.1.c,UNKNOWN,
/spdx-testfiles-1.0-for-license-list-2.6.tar/withid/Entessa.c,UNKNOWN,
/spdx-testfiles-1.0-for-license-list-2.6.tar/withid/ErlPL-1.1.c,UNKNOWN,
/spdx-testfiles-1.0-for-license-list-2.6.tar/withid/Eurosym.c,UNKNOWN,
/spdx-testfiles-1.0-for-license-list-2.6.tar/withid/FSFAP.c,UNKNOWN,
/spdx-testfiles-1.0-for-license-list-2.6.tar/withid/FSFUL.c,FSFUnlimited,
/spdx-testfiles-1.0-for-license-list-2.6.tar/withid/FSFULLR.c,UNKNOWN,
/spdx-testfiles-1.0-for-license-list-2.6.tar/withid/FTL.c,UNKNOWN,
/spdx-testfiles-1.0-for-license-list-2.6.tar/withid/Fair.c,UNKNOWN,
/spdx-testfiles-1.0-for-license-list-2.6.tar/withid/Frameworx-1.0.c,UNKNOWN,
/spdx-testfiles-1.0-for-license-list-2.6.tar/withid/FreeImage.c,UNKNOWN,
/spdx-testfiles-1.0-for-license-list-2.6.tar/withid/GFDL-1.1.c,UNKNOWN,
/spdx-testfiles-1.0-for-license-list-2.6.tar/withid/GFDL-1.2.c,UNKNOWN,
/spdx-testfiles-1.0-for-license-list-2.6.tar/withid/GFDL-1.3.c,UNKNOWN,
/spdx-testfiles-1.0-for-license-list-2.6.tar/withid/GL2PS.c,UNKNOWN,
/spdx-testfiles-1.0-for-license-list-2.6.tar/withid/GPL-1.0+.c,GPLv1+,
/spdx-testfiles-1.0-for-license-list-2.6.tar/withid/GPL-1.0.c,GPLv1,
/spdx-testfiles-1.0-for-license-list-2.6.tar/withid/GPL-2.0+.c,GPLv2+,
/spdx-testfiles-1.0-for-license-list-2.6.tar/withid/GPL-2.0-with-GCC-exception.c,UNKNOWN,
/spdx-testfiles-1.0-for-license-list-2.6.tar/withid/GPL-2.0-with-autoconf-exception.c,UNKNOWN,
/spdx-testfiles-1.0-for-license-list-2.6.tar/withid/GPL-2.0-with-bison-exception.c,BisonException,
/spdx-testfiles-1.0-for-license-list-2.6.tar/withid/GPL-2.0-with-classpath-exception.c,"GPLnoVersion,LinkException",
/spdx-testfiles-1.0-for-license-list-2.6.tar/withid/GPL-2.0-with-font-exception.c,UNKNOWN,
/spdx-testfiles-1.0-for-license-list-2.6.tar/withid/GPL-2.0.c,GPLv2,
/spdx-testfiles-1.0-for-license-list-2.6.tar/withid/GPL-3.0+.c,GPLv3+,
/spdx-testfiles-1.0-for-license-list-2.6.tar/withid/GPL-3.0-with-GCC-exception.c,UNKNOWN,
/spdx-testfiles-1.0-for-license-list-2.6.tar/withid/GPL-3.0-with-autoconf-exception.c,UNKNOWN,
/spdx-testfiles-1.0-for-license-list-2.6.tar/withid/GPL-3.0.c,UNKNOWN,
/spdx-testfiles-1.0-for-license-list-2.6.tar/withid/Giftware.c,UNKNOWN,
/spdx-testfiles-1.0-for-license-list-2.6.tar/withid/Glide.c,UNKNOWN,
/spdx-testfiles-1.0-for-license-list-2.6.tar/withid/Glulxe.c,UNKNOWN,
/spdx-testfiles-1.0-for-license-list-2.6.tar/withid/HPND.c,UNKNOWN,
/spdx-testfiles-1.0-for-license-list-2.6.tar/withid/HaskellReport.c,UNKNOWN,
/spdx-testfiles-1.0-for-license-list-2.6.tar/withid/IBM-pibs.c,UNKNOWN,
/spdx-testfiles-1.0-for-license-list-2.6.tar/withid/ICU.c,MITX11noNotice,
/spdx-testfiles-1.0-for-license-list-2.6.tar/withid/IJG.c,UNKNOWN,
/spdx-testfiles-1.0-for-license-list-2.6.tar/withid/IPA.c,UNKNOWN,
/spdx-testfiles-1.0-for-license-list-2.6.tar/withid/IPL-1.0.c,UNKNOWN,
/spdx-testfiles-1.0-for-license-list-2.6.tar/withid/ISC.c,BindMITX11Var,
/spdx-testfiles-1.0-for-license-list-2.6.tar/withid/ImageMagick.c,UNKNOWN,
/spdx-testfiles-1.0-for-license-list-2.6.tar/withid/Imlib2.c,MITX11noNotice,
/spdx-testfiles-1.0-for-license-list-2.6.tar/withid/Info-ZIP.c,UNKNOWN,
/spdx-testfiles-1.0-for-license-list-2.6.tar/withid/Intel-ACPI.c,UNKNOWN,
/spdx-testfiles-1.0-for-license-list-2.6.tar/withid/Intel.c,BSD3,
/spdx-testfiles-1.0-for-license-list-2.6.tar/withid/Interbase-1.0.c,UNKNOWN,
/spdx-testfiles-1.0-for-license-list-2.6.tar/withid/JSON.c,MIT,
/spdx-testfiles-1.0-for-license-list-2.6.tar/withid/JasPer-2.0.c,UNKNOWN,
/spdx-testfiles-1.0-for-license-list-2.6.tar/withid/LAL-1.2.c,UNKNOWN,
/spdx-testfiles-1.0-for-license-list-2.6.tar/withid/LAL-1.3.c,UNKNOWN,
/spdx-testfiles-1.0-for-license-list-2.6.tar/withid/LGPL-2.0+.c,LibraryGPLv2+,
/spdx-testfiles-1.0-for-license-list-2.6.tar/withid/LGPL-2.0.c,LibraryGPLv2,
/spdx-testfiles-1.0-for-license-list-2.6.tar/withid/LGPL-2.1+.c,LGPL-2.1-or-later,
/spdx-testfiles-1.0-for-license-list-2.6.tar/withid/LGPL-2.1.c,LGPL-2.1-only,
/spdx-testfiles-1.0-for-license-list-2.6.tar/withid/LGPL-3.0+.c,UNKNOWN,
/spdx-testfiles-1.0-for-license-list-2.6.tar/withid/LGPL-3.0.c,UNKNOWN,
/spdx-testfiles-1.0-for-license-list-2.6.tar/withid/LGPLLR.c,UNKNOWN,
/spdx-testfiles-1.0-for-license-list-2.6.tar/withid/LPL-1.0.c,UNKNOWN,
/spdx-testfiles-1.0-for-license-list-2.6.tar/withid/LPL-1.02.c,UNKNOWN,
/spdx-testfiles-1.0-for-license-list-2.6.tar/withid/LPPL-1.0.c,UNKNOWN,
/spdx-testfiles-1.0-for-license-list-2.6.tar/withid/LPPL-1.1.c,UNKNOWN,
/spdx-testfiles-1.0-for-license-list-2.6.tar/withid/LPPL-1.2.c,UNKNOWN,
/spdx-testfiles-1.0-for-license-list-2.6.tar/withid/LPPL-1.3a.c,UNKNOWN,
/spdx-testfiles-1.0-for-license-list-2.6.tar/withid/LPPL-1.3c.c,UNKNOWN,
/spdx-testfiles-1.0-for-license-list-2.6.tar/withid/Latex2e.c,UNKNOWN,
/spdx-testfiles-1.0-for-license-list-2.6.tar/withid/Leptonica.c,UNKNOWN,
/spdx-testfiles-1.0-for-license-list-2.6.tar/withid/LiLiQ-P-1.1.c,UNKNOWN,
/spdx-testfiles-1.0-for-license-list-2.6.tar/withid/LiLiQ-R-1.1.c,UNKNOWN,
/spdx-testfiles-1.0-for-license-list-2.6.tar/withid/LiLiQ-Rplus-1.1.c,UNKNOWN,
/spdx-testfiles-1.0-for-license-list-2.6.tar/withid/Libpng.c,UNKNOWN,
/spdx-testfiles-1.0-for-license-list-2.6.tar/withid/MIT-CMU.c,UNKNOWN,
/spdx-testfiles-1.0-for-license-list-2.6.tar/withid/MIT-advertising.c,MITX11noNotice,
/spdx-testfiles-1.0-for-license-list-2.6.tar/withid/MIT-enna.c,MITX11noNotice,
/spdx-testfiles-1.0-for-license-list-2.6.tar/withid/MIT-feh.c,MITX11noNotice,
/spdx-testfiles-1.0-for-license-list-2.6.tar/withid/MIT.c,MIT,
/spdx-testfiles-1.0-for-license-list-2.6.tar/withid/MITNFA.c,MITX11noNotice,
/spdx-testfiles-1.0-for-license-list-2.6.tar/withid/MPL-1.0.c,MPLv1_0,
/spdx-testfiles-1.0-for-license-list-2.6.tar/withid/MPL-1.1.c,MPLv1_1,
/spdx-testfiles-1.0-for-license-list-2.6.tar/withid/MPL-2.0-no-copyleft-exception.c,MPLv2,
/spdx-testfiles-1.0-for-license-list-2.6.tar/withid/MPL-2.0.c,MPLv2,
/spdx-testfiles-1.0-for-license-list-2.6.tar/withid/MS-PL.c,UNKNOWN,
/spdx-testfiles-1.0-for-license-list-2.6.tar/withid/MS-RL.c,UNKNOWN,
/spdx-testfiles-1.0-for-license-list-2.6.tar/withid/MTLL.c,UNKNOWN,
/spdx-testfiles-1.0-for-license-list-2.6.tar/withid/MakeIndex.c,UNKNOWN,
/spdx-testfiles-1.0-for-license-list-2.6.tar/withid/MirOS.c,UNKNOWN,
/spdx-testfiles-1.0-for-license-list-2.6.tar/withid/Motosoto.c,UNKNOWN,
/spdx-testfiles-1.0-for-license-list-2.6.tar/withid/Multics.c,UNKNOWN,
/spdx-testfiles-1.0-for-license-list-2.6.tar/withid/Mup.c,UNKNOWN,
/spdx-testfiles-1.0-for-license-list-2.6.tar/withid/NASA-1.3.c,UNKNOWN,
/spdx-testfiles-1.0-for-license-list-2.6.tar/withid/NBPL-1.0.c,UNKNOWN,
/spdx-testfiles-1.0-for-license-list-2.6.tar/withid/NCSA.c,MITX11noNotice,
/spdx-testfiles-1.0-for-license-list-2.6.tar/withid/NGPL.c,UNKNOWN,
/spdx-testfiles-1.0-for-license-list-2.6.tar/withid/NLOD-1.0.c,UNKNOWN,
/spdx-testfiles-1.0-for-license-list-2.6.tar/withid/NLPL.c,UNKNOWN,
/spdx-testfiles-1.0-for-license-list-2.6.tar/withid/NOSL.c,UNKNOWN,
/spdx-testfiles-1.0-for-license-list-2.6.tar/withid/NPL-1.0.c,UNKNOWN,
/spdx-testfiles-1.0-for-license-list-2.6.tar/withid/NPL-1.1.c,NPLv1_0,
/spdx-testfiles-1.0-for-license-list-2.6.tar/withid/NPOSL-3.0.c,UNKNOWN,
/spdx-testfiles-1.0-for-license-list-2.6.tar/withid/NRL.c,UNKNOWN,
/spdx-testfiles-1.0-for-license-list-2.6.tar/withid/NTP.c,UNKNOWN,
/spdx-testfiles-1.0-for-license-list-2.6.tar/withid/Naumen.c,UNKNOWN,
/spdx-testfiles-1.0-for-license-list-2.6.tar/withid/Net-SNMP.c,"spdxBSD3,spdxBSD3,spdxBSD3,BSD3,BSD3,BSD3",
/spdx-testfiles-1.0-for-license-list-2.6.tar/withid/NetCDF.c,UNKNOWN,
/spdx-testfiles-1.0-for-license-list-2.6.tar/withid/Newsletr.c,UNKNOWN,
/spdx-testfiles-1.0-for-license-list-2.6.tar/withid/Nokia.c,UNKNOWN,
/spdx-testfiles-1.0-for-license-list-2.6.tar/withid/Noweb.c,UNKNOWN,
/spdx-testfiles-1.0-for-license-list-2.6.tar/withid/Nunit.c,UNKNOWN,
/spdx-testfiles-1.0-for-license-list-2.6.tar/withid/OCCT-PL.c,UNKNOWN,
/spdx-testfiles-1.0-for-license-list-2.6.tar/withid/OCLC-2.0.c,UNKNOWN,
/spdx-testfiles-1.0-for-license-list-2.6.tar/withid/ODbL-1.0.c,SeeFile,
/spdx-testfiles-1.0-for-license-list-2.6.tar/withid/OFL-1.0.c,UNKNOWN,
/spdx-testfiles-1.0-for-license-list-2.6.tar/withid/OFL-1.1.c,UNKNOWN,
/spdx-testfiles-1.0-for-license-list-2.6.tar/withid/OGTSL.c,UNKNOWN,
/spdx-testfiles-1.0-for-license-list-2.6.tar/withid/OLDAP-1.1.c,UNKNOWN,
/spdx-testfiles-1.0-for-license-list-2.6.tar/withid/OLDAP-1.2.c,UNKNOWN,
/spdx-testfiles-1.0-for-license-list-2.6.tar/withid/OLDAP-1.3.c,UNKNOWN,
/spdx-testfiles-1.0-for-license-list-2.6.tar/withid/OLDAP-1.4.c,UNKNOWN,
/spdx-testfiles-1.0-for-license-list-2.6.tar/withid/OLDAP-2.0.1.c,UNKNOWN,
/spdx-testfiles-1.0-for-license-list-2.6.tar/withid/OLDAP-2.0.c,UNKNOWN,
/spdx-testfiles-1.0-for-license-list-2.6.tar/withid/OLDAP-2.1.c,UNKNOWN,
/spdx-testfiles-1.0-for-license-list-2.6.tar/withid/OLDAP-2.2.1.c,UNKNOWN,
/spdx-testfiles-1.0-for-license-list-2.6.tar/withid/OLDAP-2.2.2.c,UNKNOWN,
/spdx-testfiles-1.0-for-license-list-2.6.tar/withid/OLDAP-2.2.c,UNKNOWN,
/spdx-testfiles-1.0-for-license-list-2.6.tar/withid/OLDAP-2.3.c,UNKNOWN,
/spdx-testfiles-1.0-for-license-list-2.6.tar/withid/OLDAP-2.4.c,UNKNOWN,
/spdx-testfiles-1.0-for-license-list-2.6.tar/withid/OLDAP-2.5.c,UNKNOWN,
/spdx-testfiles-1.0-for-license-list-2.6.tar/withid/OLDAP-2.6.c,UNKNOWN,
/spdx-testfiles-1.0-for-license-list-2.6.tar/withid/OLDAP-2.7.c,UNKNOWN,
/spdx-testfiles-1.0-for-license-list-2.6.tar/withid/OLDAP-2.8.c,UNKNOWN,
/spdx-testfiles-1.0-for-license-list-2.6.tar/withid/OML.c,UNKNOWN,
/spdx-testfiles-1.0-for-license-list-2.6.tar/withid/OPL-1.0.c,UNKNOWN,
/spdx-testfiles-1.0-for-license-list-2.6.tar/withid/OSET-PL-2.1.c,UNKNOWN,
/spdx-testfiles-1.0-for-license-list-2.6.tar/withid/OSL-1.0.c,UNKNOWN,
/spdx-testfiles-1.0-for-license-list-2.6.tar/withid/OSL-1.1.c,UNKNOWN,
/spdx-testfiles-1.0-for-license-list-2.6.tar/withid/OSL-2.0.c,UNKNOWN,
/spdx-testfiles-1.0-for-license-list-2.6.tar/withid/OSL-2.1.c,UNKNOWN,
/spdx-testfiles-1.0-for-license-list-2.6.tar/withid/OSL-3.0.c,UNKNOWN,
/spdx-testfiles-1.0-for-license-list-2.6.tar/withid/OpenSSL.c,"openSSLvar1,Apache-1.0",
/spdx-testfiles-1.0-for-license-list-2.6.tar/withid/PDDL-1.0.c,UNKNOWN,
/spdx-testfiles-1.0-for-license-list-2.6.tar/withid/PHP-3.0.c,UNKNOWN,
/spdx-testfiles-1.0-for-license-list-2.6.tar/withid/PHP-3.01.c,UNKNOWN,
/spdx-testfiles-1.0-for-license-list-2.6.tar/withid/Plexus.c,UNKNOWN,
/spdx-testfiles-1.0-for-license-list-2.6.tar/withid/PostgreSQL.c,postgresql,
/spdx-testfiles-1.0-for-license-list-2.6.tar/withid/Python-2.0.c,UNKNOWN,
/spdx-testfiles-1.0-for-license-list-2.6.tar/withid/QPL-1.0.c,UNKNOWN,
/spdx-testfiles-1.0-for-license-list-2.6.tar/withid/Qhull.c,UNKNOWN,
/spdx-testfiles-1.0-for-license-list-2.6.tar/withid/RHeCos-1.1.c,UNKNOWN,
/spdx-testfiles-1.0-for-license-list-2.6.tar/withid/RPL-1.1.c,UNKNOWN,
/spdx-testfiles-1.0-for-license-list-2.6.tar/withid/RPL-1.5.c,UNKNOWN,
/spdx-testfiles-1.0-for-license-list-2.6.tar/withid/RPSL-1.0.c,UNKNOWN,
/spdx-testfiles-1.0-for-license-list-2.6.tar/withid/RSA-MD.c,UNKNOWN,
/spdx-testfiles-1.0-for-license-list-2.6.tar/withid/RSCPL.c,UNKNOWN,
/spdx-testfiles-1.0-for-license-list-2.6.tar/withid/Rdisc.c,UNKNOWN,
/spdx-testfiles-1.0-for-license-list-2.6.tar/withid/Ruby.c,UNKNOWN,
/spdx-testfiles-1.0-for-license-list-2.6.tar/withid/SAX-PD.c,UNKNOWN,
/spdx-testfiles-1.0-for-license-list-2.6.tar/withid/SCEA.c,UNKNOWN,
/spdx-testfiles-1.0-for-license-list-2.6.tar/withid/SGI-B-1.0.c,UNKNOWN,
/spdx-testfiles-1.0-for-license-list-2.6.tar/withid/SGI-B-1.1.c,UNKNOWN,
/spdx-testfiles-1.0-for-license-list-2.6.tar/withid/SGI-B-2.0.c,MITX11noNotice,
/spdx-testfiles-1.0-for-license-list-2.6.tar/withid/SISSL-1.2.c,UNKNOWN,
/spdx-testfiles-1.0-for-license-list-2.6.tar/withid/SISSL.c,UNKNOWN,
/spdx-testfiles-1.0-for-license-list-2.6.tar/withid/SMLNJ.c,UNKNOWN,
/spdx-testfiles-1.0-for-license-list-2.6.tar/withid/SMPPL.c,UNKNOWN,
/spdx-testfiles-1.0-for-license-list-2.6.tar/withid/SNIA.c,UNKNOWN,
/spdx-testfiles-1.0-for-license-list-2.6.tar/withid/SPL-1.0.c,UNKNOWN,
/spdx-testfiles-1.0-for-license-list-2.6.tar/withid/SWL.c,UNKNOWN,
/spdx-testfiles-1.0-for-license-list-2.6.tar/withid/Saxpath.c,UNKNOWN,
/spdx-testfiles-1.0-for-license-list-2.6.tar/withid/Sendmail.c,UNKNOWN,
/spdx-testfiles-1.0-for-license-list-2.6.tar/withid/SimPL-2.0.c,UNKNOWN,
/spdx-testfiles-1.0-for-license-list-2.6.tar/withid/Sleepycat.c,"spdxBSD3,spdxBSD3,SleepyCat",
/spdx-testfiles-1.0-for-license-list-2.6.tar/withid/Spencer-86.c,UNKNOWN,
/spdx-testfiles-1.0-for-license-list-2.6.tar/withid/Spencer-94.c,UNKNOWN,
/spdx-testfiles-1.0-for-license-list-2.6.tar/withid/Spencer-99.c,UNKNOWN,
/spdx-testfiles-1.0-for-license-list-2.6.tar/withid/StandardML-NJ.c,UNKNOWN,
/spdx-testfiles-1.0-for-license-list-2.6.tar/withid/SugarCRM-1.1.3.c,UNKNOWN,
/spdx-testfiles-1.0-for-license-list-2.6.tar/withid/TCL.c,UNKNOWN,
/spdx-testfiles-1.0-for-license-list-2.6.tar/withid/TCP-wrappers.c,UNKNOWN,
/spdx-testfiles-1.0-for-license-list-2.6.tar/withid/TMate.c,UNKNOWN,
/spdx-testfiles-1.0-for-license-list-2.6.tar/withid/TORQUE-1.1.c,UNKNOWN,
/spdx-testfiles-1.0-for-license-list-2.6.tar/withid/TOSL.c,UNKNOWN,
/spdx-testfiles-1.0-for-license-list-2.6.tar/withid/UPL-1.0.c,MITX11noNotice,
/spdx-testfiles-1.0-for-license-list-2.6.tar/withid/Unicode-DFS-2015.c,UNKNOWN,
/spdx-testfiles-1.0-for-license-list-2.6.tar/withid/Unicode-DFS-2016.c,UNKNOWN,
/spdx-testfiles-1.0-for-license-list-2.6.tar/withid/Unicode-TOU.c,UNKNOWN,
/spdx-testfiles-1.0-for-license-list-2.6.tar/withid/Unlicense.c,MITX11noNotice,
/spdx-testfiles-1.0-for-license-list-2.6.tar/withid/VOSTROM.c,UNKNOWN,
/spdx-testfiles-1.0-for-license-list-2.6.tar/withid/VSL-1.0.c,UNKNOWN,
/spdx-testfiles-1.0-for-license-list-2.6.tar/withid/Vim.c,UNKNOWN,
/spdx-testfiles-1.0-for-license-list-2.6.tar/withid/W3C-19980720.c,UNKNOWN,
/spdx-testfiles-1.0-for-license-list-2.6.tar/withid/W3C-20150513.c,UNKNOWN,
/spdx-testfiles-1.0-for-license-list-2.6.tar/withid/W3C.c,UNKNOWN,
/spdx-testfiles-1.0-for-license-list-2.6.tar/withid/WTFPL.c,UNKNOWN,
/spdx-testfiles-1.0-for-license-list-2.6.tar/withid/WXwindows.c,LibraryGPLv2+,
/spdx-testfiles-1.0-for-license-list-2.6.tar/withid/Watcom-1.0.c,UNKNOWN,
/spdx-testfiles-1.0-for-license-list-2.6.tar/withid/Wsuipa.c,UNKNOWN,
/spdx-testfiles-1.0-for-license-list-2.6.tar/withid/X11.c,X11,
/spdx-testfiles-1.0-for-license-list-2.6.tar/withid/XFree86-1.1.c,UNKNOWN,
/spdx-testfiles-1.0-for-license-list-2.6.tar/withid/XSkat.c,UNKNOWN,
/spdx-testfiles-1.0-for-license-list-2.6.tar/withid/Xerox.c,UNKNOWN,
/spdx-testfiles-1.0-for-license-list-2.6.tar/withid/Xnet.c,MIT,
/spdx-testfiles-1.0-for-license-list-2.6.tar/withid/YPL-1.0.c,UNKNOWN,
/spdx-testfiles-1.0-for-license-list-2.6.tar/withid/YPL-1.1.c,UNKNOWN,
/spdx-testfiles-1.0-for-license-list-2.6.tar/withid/ZPL-1.1.c,UNKNOWN,
/spdx-testfiles-1.0-for-license-list-2.6.tar/withid/ZPL-2.0.c,UNKNOWN,
/spdx-testfiles-1.0-for-license-list-2.6.tar/withid/ZPL-2.1.c,UNKNOWN,
/spdx-testfiles-1.0-for-license-list-2.6.tar/withid/Zed.c,UNKNOWN,
/spdx-testfiles-1.0-for-license-list-2.6.tar/withid/Zend-2.0.c,UNKNOWN,
/spdx-testfiles-1.0-for-license-list-2.6.tar/withid/Zimbra-1.3.c,UNKNOWN,
/spdx-testfiles-1.0-for-license-list-2.6.tar/withid/Zimbra-1.4.c,UNKNOWN,
/spdx-testfiles-1.0-for-license-list-2.6.tar/withid/Zlib.c,UNKNOWN,
/spdx-testfiles-1.0-for-license-list-2.6.tar/withid/bzip2-1.0.5.c,UNKNOWN,
/spdx-testfiles-1.0-for-license-list-2.6.tar/withid/bzip2-1.0.6.c,ZLIB,
/spdx-testfiles-1.0-for-license-list-2.6.tar/withid/curl.c,MITX11noNotice,
/spdx-testfiles-1.0-for-license-list-2.6.tar/withid/diffmark.c,UNKNOWN,
/spdx-testfiles-1.0-for-license-list-2.6.tar/withid/dvipdfm.c,UNKNOWN,
/spdx-testfiles-1.0-for-license-list-2.6.tar/withid/eCos-2.0.c,GPLv2+,
/spdx-testfiles-1.0-for-license-list-2.6.tar/withid/eGenix.c,UNKNOWN,
/spdx-testfiles-1.0-for-license-list-2.6.tar/withid/gSOAP-1.3b.c,UNKNOWN,
/spdx-testfiles-1.0-for-license-list-2.6.tar/withid/gnuplot.c,UNKNOWN,
/spdx-testfiles-1.0-for-license-list-2.6.tar/withid/iMatix.c,UNKNOWN,
/spdx-testfiles-1.0-for-license-list-2.6.tar/withid/libtiff.c,UNKNOWN,
/spdx-testfiles-1.0-for-license-list-2.6.tar/withid/mpich2.c,UNKNOWN,
/spdx-testfiles-1.0-for-license-list-2.6.tar/withid/psfrag.c,UNKNOWN,
/spdx-testfiles-1.0-for-license-list-2.6.tar/withid/psutils.c,UNKNOWN,
/spdx-testfiles-1.0-for-license-list-2.6.tar/withid/xinetd.c,UNKNOWN,
/spdx-testfiles-1.0-for-license-list-2.6.tar/withid/xpp.c,UNKNOWN,
/spdx-testfiles-1.0-for-license-list-2.6.tar/withid/zlib-acknowledgement.c,UNKNOWN,
