/adol-c-v2.6.3.tar.gz/ADOL-C/doc/absdrivers.tex,UNKNOWN,
/adol-c-v2.6.3.tar.gz/ADOL-C/doc/adolc-manual.tex,UNKNOWN,
/adol-c-v2.6.3.tar.gz/ADOL-C/doc/short_ref.tex,UNKNOWN,
/adol-c-v2.6.3.tar.gz/ADOL-C/doc/version.tex,UNKNOWN,
/adol-c-v2.6.3.tar.gz/ADOL-C/examples/additional_examples/checkpointing/checkpointing.cpp,UNKNOWN,
/adol-c-v2.6.3.tar.gz/ADOL-C/examples/additional_examples/clock/myclock.cpp,UNKNOWN,
/adol-c-v2.6.3.tar.gz/ADOL-C/examples/additional_examples/clock/myclock.h,UNKNOWN,
/adol-c-v2.6.3.tar.gz/ADOL-C/examples/additional_examples/detexam/detexam-old.cpp,UNKNOWN,
/adol-c-v2.6.3.tar.gz/ADOL-C/examples/additional_examples/detexam/detexam.cpp,UNKNOWN,
/adol-c-v2.6.3.tar.gz/ADOL-C/examples/additional_examples/ext_diff_func/ext_diff_func.cpp,UNKNOWN,
/adol-c-v2.6.3.tar.gz/ADOL-C/examples/additional_examples/fixpoint_exam/fixpoint_exam.cpp,UNKNOWN,
/adol-c-v2.6.3.tar.gz/ADOL-C/examples/additional_examples/helm/helm-auto-exam.cpp,UNKNOWN,
/adol-c-v2.6.3.tar.gz/ADOL-C/examples/additional_examples/helm/helm-diff-exam.cpp,UNKNOWN,
/adol-c-v2.6.3.tar.gz/ADOL-C/examples/additional_examples/hessmat/hessmat.cpp,UNKNOWN,
/adol-c-v2.6.3.tar.gz/ADOL-C/examples/additional_examples/ipopt/LuksanVlcek1/ADOL-C_NLP.cpp,UNKNOWN,
/adol-c-v2.6.3.tar.gz/ADOL-C/examples/additional_examples/ipopt/LuksanVlcek1/ADOL-C_NLP.hpp,UNKNOWN,
/adol-c-v2.6.3.tar.gz/ADOL-C/examples/additional_examples/ipopt/LuksanVlcek1/cpp_example.cpp,UNKNOWN,
/adol-c-v2.6.3.tar.gz/ADOL-C/examples/additional_examples/ipopt/LuksanVlcek1_sparse/ADOL-C_sparseNLP.cpp,UNKNOWN,
/adol-c-v2.6.3.tar.gz/ADOL-C/examples/additional_examples/ipopt/LuksanVlcek1_sparse/ADOL-C_sparseNLP.hpp,UNKNOWN,
/adol-c-v2.6.3.tar.gz/ADOL-C/examples/additional_examples/ipopt/LuksanVlcek1_sparse/cpp_example.cpp,UNKNOWN,
/adol-c-v2.6.3.tar.gz/ADOL-C/examples/additional_examples/ipopt/MittelmannDistCntrlNeumA/ADOL-C_NLP.cpp,UNKNOWN,
/adol-c-v2.6.3.tar.gz/ADOL-C/examples/additional_examples/ipopt/MittelmannDistCntrlNeumA/ADOL-C_NLP.hpp,UNKNOWN,
/adol-c-v2.6.3.tar.gz/ADOL-C/examples/additional_examples/ipopt/MittelmannDistCntrlNeumA/cpp_example.cpp,UNKNOWN,
/adol-c-v2.6.3.tar.gz/ADOL-C/examples/additional_examples/ipopt/MittelmannDistCntrlNeumA_sparse/ADOL-C_sparseNLP.cpp,UNKNOWN,
/adol-c-v2.6.3.tar.gz/ADOL-C/examples/additional_examples/ipopt/MittelmannDistCntrlNeumA_sparse/ADOL-C_sparseNLP.hpp,UNKNOWN,
/adol-c-v2.6.3.tar.gz/ADOL-C/examples/additional_examples/ipopt/MittelmannDistCntrlNeumA_sparse/cpp_example.cpp,UNKNOWN,
/adol-c-v2.6.3.tar.gz/ADOL-C/examples/additional_examples/lie/GantryCrane.cpp,UNKNOWN,
/adol-c-v2.6.3.tar.gz/ADOL-C/examples/additional_examples/lighthouse/cubic-2.cpp,UNKNOWN,
/adol-c-v2.6.3.tar.gz/ADOL-C/examples/additional_examples/lighthouse/cubic-iter-2.cpp,UNKNOWN,
/adol-c-v2.6.3.tar.gz/ADOL-C/examples/additional_examples/lighthouse/cubic-iter.cpp,UNKNOWN,
/adol-c-v2.6.3.tar.gz/ADOL-C/examples/additional_examples/lighthouse/cubic.cpp,UNKNOWN,
/adol-c-v2.6.3.tar.gz/ADOL-C/examples/additional_examples/lufact/LU.cpp,UNKNOWN,
/adol-c-v2.6.3.tar.gz/ADOL-C/examples/additional_examples/lufact/LU.h,UNKNOWN,
/adol-c-v2.6.3.tar.gz/ADOL-C/examples/additional_examples/lufact/LUdet.cpp,UNKNOWN,
/adol-c-v2.6.3.tar.gz/ADOL-C/examples/additional_examples/lufact/LUsolve.cpp,UNKNOWN,
/adol-c-v2.6.3.tar.gz/ADOL-C/examples/additional_examples/ode/vfunc_eutroph.cpp,UNKNOWN,
/adol-c-v2.6.3.tar.gz/ADOL-C/examples/additional_examples/ode/vfunc_fic.cpp,UNKNOWN,
/adol-c-v2.6.3.tar.gz/ADOL-C/examples/additional_examples/ode/vfunc_robertson.cpp,UNKNOWN,
/adol-c-v2.6.3.tar.gz/ADOL-C/examples/additional_examples/ode/vgenodemain.cpp,UNKNOWN,
/adol-c-v2.6.3.tar.gz/ADOL-C/examples/additional_examples/openmp_exam/liborpar.cpp,UNKNOWN,
/adol-c-v2.6.3.tar.gz/ADOL-C/examples/additional_examples/openmp_exam/liborser.cpp,UNKNOWN,
/adol-c-v2.6.3.tar.gz/ADOL-C/examples/additional_examples/param/paramexam.cpp,UNKNOWN,
/adol-c-v2.6.3.tar.gz/ADOL-C/examples/additional_examples/pow/powexam.cpp,UNKNOWN,
/adol-c-v2.6.3.tar.gz/ADOL-C/examples/additional_examples/scal/scalexam.cpp,UNKNOWN,
/adol-c-v2.6.3.tar.gz/ADOL-C/examples/additional_examples/sparse/jacpatexam.cpp,UNKNOWN,
/adol-c-v2.6.3.tar.gz/ADOL-C/examples/additional_examples/sparse/sparse_hessian.cpp,UNKNOWN,
/adol-c-v2.6.3.tar.gz/ADOL-C/examples/additional_examples/sparse/sparse_jacobian.cpp,UNKNOWN,
/adol-c-v2.6.3.tar.gz/ADOL-C/examples/additional_examples/speelpenning/speelpenning.cpp,UNKNOWN,
/adol-c-v2.6.3.tar.gz/ADOL-C/examples/additional_examples/tapesave/createTape.cpp,UNKNOWN,
/adol-c-v2.6.3.tar.gz/ADOL-C/examples/additional_examples/tapesave/useTape.cpp,UNKNOWN,
/adol-c-v2.6.3.tar.gz/ADOL-C/examples/additional_examples/taylor/accessexam.cpp,UNKNOWN,
/adol-c-v2.6.3.tar.gz/ADOL-C/examples/additional_examples/taylor/coordinates.cpp,UNKNOWN,
/adol-c-v2.6.3.tar.gz/ADOL-C/examples/additional_examples/taylor/inversexam.cpp,UNKNOWN,
/adol-c-v2.6.3.tar.gz/ADOL-C/examples/additional_examples/taylor/taylorexam.cpp,UNKNOWN,
/adol-c-v2.6.3.tar.gz/ADOL-C/examples/additional_examples/taylor/trigger.cpp,UNKNOWN,
/adol-c-v2.6.3.tar.gz/ADOL-C/examples/additional_examples/timing/rotations.cpp,UNKNOWN,
/adol-c-v2.6.3.tar.gz/ADOL-C/examples/additional_examples/timing/rotations.h,UNKNOWN,
/adol-c-v2.6.3.tar.gz/ADOL-C/examples/additional_examples/timing/sfunc_determinant.cpp,UNKNOWN,
/adol-c-v2.6.3.tar.gz/ADOL-C/examples/additional_examples/timing/sfunc_experimental.cpp,UNKNOWN,
/adol-c-v2.6.3.tar.gz/ADOL-C/examples/additional_examples/timing/sfunc_griewank.cpp,UNKNOWN,
/adol-c-v2.6.3.tar.gz/ADOL-C/examples/additional_examples/timing/sfunc_helmholtz.cpp,UNKNOWN,
/adol-c-v2.6.3.tar.gz/ADOL-C/examples/additional_examples/timing/sfunc_michalewitz.cpp,UNKNOWN,
/adol-c-v2.6.3.tar.gz/ADOL-C/examples/additional_examples/timing/sfunc_power.cpp,UNKNOWN,
/adol-c-v2.6.3.tar.gz/ADOL-C/examples/additional_examples/timing/sfunc_rosenbrock.cpp,UNKNOWN,
/adol-c-v2.6.3.tar.gz/ADOL-C/examples/additional_examples/timing/sfunc_speelpenning.cpp,UNKNOWN,
/adol-c-v2.6.3.tar.gz/ADOL-C/examples/additional_examples/timing/sgenmain.cpp,UNKNOWN,
/adol-c-v2.6.3.tar.gz/ADOL-C/examples/additional_examples/timing/vfunc_gear.cpp,UNKNOWN,
/adol-c-v2.6.3.tar.gz/ADOL-C/examples/additional_examples/timing/vfunc_pargear.cpp,UNKNOWN,
/adol-c-v2.6.3.tar.gz/ADOL-C/examples/additional_examples/timing/vfunc_shuttle.cpp,UNKNOWN,
/adol-c-v2.6.3.tar.gz/ADOL-C/examples/additional_examples/timing/vfunc_simplevec.cpp,UNKNOWN,
/adol-c-v2.6.3.tar.gz/ADOL-C/examples/additional_examples/timing/vgenmain.cpp,UNKNOWN,
/adol-c-v2.6.3.tar.gz/ADOL-C/examples/detexam.cpp,UNKNOWN,
/adol-c-v2.6.3.tar.gz/ADOL-C/examples/luexam.cpp,UNKNOWN,
/adol-c-v2.6.3.tar.gz/ADOL-C/examples/odexam.cpp,UNKNOWN,
/adol-c-v2.6.3.tar.gz/ADOL-C/examples/powexam.cpp,UNKNOWN,
/adol-c-v2.6.3.tar.gz/ADOL-C/examples/speelpenning.cpp,UNKNOWN,
/adol-c-v2.6.3.tar.gz/ADOL-C/examples/tapeless_scalar.cpp,UNKNOWN,
/adol-c-v2.6.3.tar.gz/ADOL-C/examples/tapeless_vector.cpp,UNKNOWN,
/adol-c-v2.6.3.tar.gz/ADOL-C/examples/winpackage.sh,UNKNOWN,
/adol-c-v2.6.3.tar.gz/ADOL-C/include/adolc/adalloc.h,UNKNOWN,
/adol-c-v2.6.3.tar.gz/ADOL-C/include/adolc/adolc.h,UNKNOWN,
/adol-c-v2.6.3.tar.gz/ADOL-C/include/adolc/adolc_openmp.h,UNKNOWN,
/adol-c-v2.6.3.tar.gz/ADOL-C/include/adolc/adolc_sparse.h,UNKNOWN,
/adol-c-v2.6.3.tar.gz/ADOL-C/include/adolc/adouble.h,UNKNOWN,
/adol-c-v2.6.3.tar.gz/ADOL-C/include/adolc/adoublecuda.h,UNKNOWN,
/adol-c-v2.6.3.tar.gz/ADOL-C/include/adolc/adtl.h,UNKNOWN,
/adol-c-v2.6.3.tar.gz/ADOL-C/include/adolc/adutils.h,UNKNOWN,
/adol-c-v2.6.3.tar.gz/ADOL-C/include/adolc/adutilsc.h,UNKNOWN,
/adol-c-v2.6.3.tar.gz/ADOL-C/include/adolc/advector.h,UNKNOWN,
/adol-c-v2.6.3.tar.gz/ADOL-C/include/adolc/checkpointing.h,UNKNOWN,
/adol-c-v2.6.3.tar.gz/ADOL-C/include/adolc/convolut.h,UNKNOWN,
/adol-c-v2.6.3.tar.gz/ADOL-C/include/adolc/drivers/drivers.h,UNKNOWN,
/adol-c-v2.6.3.tar.gz/ADOL-C/include/adolc/drivers/odedrivers.h,UNKNOWN,
/adol-c-v2.6.3.tar.gz/ADOL-C/include/adolc/drivers/psdrivers.h,UNKNOWN,
/adol-c-v2.6.3.tar.gz/ADOL-C/include/adolc/drivers/taylor.h,UNKNOWN,
/adol-c-v2.6.3.tar.gz/ADOL-C/include/adolc/externfcts.h,UNKNOWN,
/adol-c-v2.6.3.tar.gz/ADOL-C/include/adolc/externfcts2.h,UNKNOWN,
/adol-c-v2.6.3.tar.gz/ADOL-C/include/adolc/fixpoint.h,UNKNOWN,
/adol-c-v2.6.3.tar.gz/ADOL-C/include/adolc/fortutils.h,UNKNOWN,
/adol-c-v2.6.3.tar.gz/ADOL-C/include/adolc/interfaces.h,UNKNOWN,
/adol-c-v2.6.3.tar.gz/ADOL-C/include/adolc/internal/adolc_settings.h,,
/adol-c-v2.6.3.tar.gz/ADOL-C/include/adolc/internal/adubfunc.h,UNKNOWN,
/adol-c-v2.6.3.tar.gz/ADOL-C/include/adolc/internal/common.h,UNKNOWN,
/adol-c-v2.6.3.tar.gz/ADOL-C/include/adolc/internal/paramfunc.h,UNKNOWN,
/adol-c-v2.6.3.tar.gz/ADOL-C/include/adolc/internal/usrparms.h,UNKNOWN,
/adol-c-v2.6.3.tar.gz/ADOL-C/include/adolc/lie/drivers.h,UNKNOWN,
/adol-c-v2.6.3.tar.gz/ADOL-C/include/adolc/param.h,UNKNOWN,
/adol-c-v2.6.3.tar.gz/ADOL-C/include/adolc/revolve.h,UNKNOWN,
/adol-c-v2.6.3.tar.gz/ADOL-C/include/adolc/sparse/sparse_fo_rev.h,UNKNOWN,
/adol-c-v2.6.3.tar.gz/ADOL-C/include/adolc/sparse/sparsedrivers.h,UNKNOWN,
/adol-c-v2.6.3.tar.gz/ADOL-C/include/adolc/tapedoc/tapedoc.h,UNKNOWN,
/adol-c-v2.6.3.tar.gz/ADOL-C/include/adolc/taping.h,UNKNOWN,
/adol-c-v2.6.3.tar.gz/ADOL-C/src/adalloc.c,UNKNOWN,
/adol-c-v2.6.3.tar.gz/ADOL-C/src/adouble.cpp,UNKNOWN,
/adol-c-v2.6.3.tar.gz/ADOL-C/src/adouble_tl.cpp,UNKNOWN,
/adol-c-v2.6.3.tar.gz/ADOL-C/src/advector.cpp,UNKNOWN,
/adol-c-v2.6.3.tar.gz/ADOL-C/src/ampisupport.cpp,UNKNOWN,
/adol-c-v2.6.3.tar.gz/ADOL-C/src/ampisupportAdolc.cpp,UNKNOWN,
/adol-c-v2.6.3.tar.gz/ADOL-C/src/ampisupportAdolc.h,UNKNOWN,
/adol-c-v2.6.3.tar.gz/ADOL-C/src/buffer_temp.h,UNKNOWN,
/adol-c-v2.6.3.tar.gz/ADOL-C/src/checkpointing.cpp,UNKNOWN,
/adol-c-v2.6.3.tar.gz/ADOL-C/src/checkpointing_p.h,UNKNOWN,
/adol-c-v2.6.3.tar.gz/ADOL-C/src/convolut.c,UNKNOWN,
/adol-c-v2.6.3.tar.gz/ADOL-C/src/drivers/drivers.c,UNKNOWN,
/adol-c-v2.6.3.tar.gz/ADOL-C/src/drivers/driversf.c,UNKNOWN,
/adol-c-v2.6.3.tar.gz/ADOL-C/src/drivers/odedrivers.c,,
/adol-c-v2.6.3.tar.gz/ADOL-C/src/drivers/odedriversf.c,UNKNOWN,
/adol-c-v2.6.3.tar.gz/ADOL-C/src/drivers/psdrivers.c,UNKNOWN,
/adol-c-v2.6.3.tar.gz/ADOL-C/src/drivers/psdriversf.c,UNKNOWN,
/adol-c-v2.6.3.tar.gz/ADOL-C/src/drivers/taylor.c,UNKNOWN,
/adol-c-v2.6.3.tar.gz/ADOL-C/src/dvlparms.h,UNKNOWN,
/adol-c-v2.6.3.tar.gz/ADOL-C/src/externfcts.cpp,UNKNOWN,
/adol-c-v2.6.3.tar.gz/ADOL-C/src/externfcts2.cpp,UNKNOWN,
/adol-c-v2.6.3.tar.gz/ADOL-C/src/externfcts_p.h,UNKNOWN,
/adol-c-v2.6.3.tar.gz/ADOL-C/src/fixpoint.cpp,UNKNOWN,
/adol-c-v2.6.3.tar.gz/ADOL-C/src/fo_rev.c,UNKNOWN,
/adol-c-v2.6.3.tar.gz/ADOL-C/src/fortutils.c,UNKNOWN,
/adol-c-v2.6.3.tar.gz/ADOL-C/src/forward_partx.c,UNKNOWN,
/adol-c-v2.6.3.tar.gz/ADOL-C/src/fos_forward.c,UNKNOWN,
/adol-c-v2.6.3.tar.gz/ADOL-C/src/fos_pl_forward.c,UNKNOWN,
/adol-c-v2.6.3.tar.gz/ADOL-C/src/fos_pl_reverse.c,UNKNOWN,
/adol-c-v2.6.3.tar.gz/ADOL-C/src/fos_pl_sig_forward.c,UNKNOWN,
/adol-c-v2.6.3.tar.gz/ADOL-C/src/fos_pl_sig_reverse.c,UNKNOWN,
/adol-c-v2.6.3.tar.gz/ADOL-C/src/fos_reverse.c,UNKNOWN,
/adol-c-v2.6.3.tar.gz/ADOL-C/src/fov_forward.c,UNKNOWN,
/adol-c-v2.6.3.tar.gz/ADOL-C/src/fov_offset_forward.c,UNKNOWN,
/adol-c-v2.6.3.tar.gz/ADOL-C/src/fov_pl_forward.c,UNKNOWN,
/adol-c-v2.6.3.tar.gz/ADOL-C/src/fov_pl_sig_forward.c,UNKNOWN,
/adol-c-v2.6.3.tar.gz/ADOL-C/src/fov_reverse.c,UNKNOWN,
/adol-c-v2.6.3.tar.gz/ADOL-C/src/ho_rev.c,UNKNOWN,
/adol-c-v2.6.3.tar.gz/ADOL-C/src/hos_forward.c,UNKNOWN,
/adol-c-v2.6.3.tar.gz/ADOL-C/src/hos_ov_reverse.c,UNKNOWN,
/adol-c-v2.6.3.tar.gz/ADOL-C/src/hos_reverse.c,UNKNOWN,
/adol-c-v2.6.3.tar.gz/ADOL-C/src/hov_forward.c,UNKNOWN,
/adol-c-v2.6.3.tar.gz/ADOL-C/src/hov_reverse.c,UNKNOWN,
/adol-c-v2.6.3.tar.gz/ADOL-C/src/hov_wk_forward.c,UNKNOWN,
/adol-c-v2.6.3.tar.gz/ADOL-C/src/indopro_forward_pl.c,UNKNOWN,
/adol-c-v2.6.3.tar.gz/ADOL-C/src/indopro_forward_s.c,UNKNOWN,
/adol-c-v2.6.3.tar.gz/ADOL-C/src/indopro_forward_t.c,UNKNOWN,
/adol-c-v2.6.3.tar.gz/ADOL-C/src/int_forward_s.c,UNKNOWN,
/adol-c-v2.6.3.tar.gz/ADOL-C/src/int_forward_t.c,UNKNOWN,
/adol-c-v2.6.3.tar.gz/ADOL-C/src/int_reverse_s.c,UNKNOWN,
/adol-c-v2.6.3.tar.gz/ADOL-C/src/int_reverse_t.c,UNKNOWN,
/adol-c-v2.6.3.tar.gz/ADOL-C/src/interfaces.cpp,UNKNOWN,
/adol-c-v2.6.3.tar.gz/ADOL-C/src/interfacesf.c,UNKNOWN,
/adol-c-v2.6.3.tar.gz/ADOL-C/src/lie/adolc_lie.cpp,UNKNOWN,
/adol-c-v2.6.3.tar.gz/ADOL-C/src/lie/adolc_lie_c.c,UNKNOWN,
/adol-c-v2.6.3.tar.gz/ADOL-C/src/nonl_ind_forward_s.c,UNKNOWN,
/adol-c-v2.6.3.tar.gz/ADOL-C/src/nonl_ind_forward_t.c,UNKNOWN,
/adol-c-v2.6.3.tar.gz/ADOL-C/src/nonl_ind_old_forward_s.c,UNKNOWN,
/adol-c-v2.6.3.tar.gz/ADOL-C/src/nonl_ind_old_forward_t.c,UNKNOWN,
/adol-c-v2.6.3.tar.gz/ADOL-C/src/oplate.h,UNKNOWN,
/adol-c-v2.6.3.tar.gz/ADOL-C/src/param.cpp,UNKNOWN,
/adol-c-v2.6.3.tar.gz/ADOL-C/src/revolve.c,UNKNOWN,
/adol-c-v2.6.3.tar.gz/ADOL-C/src/rpl_malloc.c,UNKNOWN,
/adol-c-v2.6.3.tar.gz/ADOL-C/src/rpl_malloc.h,UNKNOWN,
/adol-c-v2.6.3.tar.gz/ADOL-C/src/sparse/sparse_fo_rev.cpp,UNKNOWN,
/adol-c-v2.6.3.tar.gz/ADOL-C/src/sparse/sparsedrivers.cpp,UNKNOWN,
/adol-c-v2.6.3.tar.gz/ADOL-C/src/storemanager.h,UNKNOWN,
/adol-c-v2.6.3.tar.gz/ADOL-C/src/tape_handling.cpp,UNKNOWN,
/adol-c-v2.6.3.tar.gz/ADOL-C/src/tapedoc/tapedoc.c,UNKNOWN,
/adol-c-v2.6.3.tar.gz/ADOL-C/src/taping.c,UNKNOWN,
/adol-c-v2.6.3.tar.gz/ADOL-C/src/taping_p.h,UNKNOWN,
/adol-c-v2.6.3.tar.gz/ADOL-C/src/uni5_for.c,UNKNOWN,
/adol-c-v2.6.3.tar.gz/ADOL-C/src/zos_forward.c,UNKNOWN,
/adol-c-v2.6.3.tar.gz/ADOL-C/src/zos_pl_forward.c,UNKNOWN,
/adol-c-v2.6.3.tar.gz/ADOL-C/test/fminmax.cpp,UNKNOWN,
/adol-c-v2.6.3.tar.gz/ADOL-C/test/powexam.cpp,UNKNOWN,
/adol-c-v2.6.3.tar.gz/ADOL-C/test/speelpenning.cpp,UNKNOWN,
/adol-c-v2.6.3.tar.gz/MSVisualStudio/v14/installer.sh,UNKNOWN,
/adol-c-v2.6.3.tar.gz/MSVisualStudio/v14/nosparse/config.h,,
/adol-c-v2.6.3.tar.gz/MSVisualStudio/v14/sparse/config.h,,
/adol-c-v2.6.3.tar.gz/MSVisualStudio/v14/x64/nosparse/config.h,,
/adol-c-v2.6.3.tar.gz/MSVisualStudio/v14/x64/sparse/config.h,,
/adol-c-v2.6.3.tar.gz/autoconf/ltmain.sh,GPL (v2 or later),
/adol-c-v2.6.3.tar.gz/update_versions.sh,UNKNOWN,
