/zlib-1.2.11.tar.gz/CMakeLists.txt,Info-ZIP,
/zlib-1.2.11.tar.gz/ChangeLog,Info-ZIP,
/zlib-1.2.11.tar.gz/FAQ,Info-ZIP,
/zlib-1.2.11.tar.gz/INDEX,Info-ZIP,
/zlib-1.2.11.tar.gz/Makefile,Info-ZIP,
/zlib-1.2.11.tar.gz/Makefile.in,Info-ZIP,
/zlib-1.2.11.tar.gz/README,Info-ZIP,
/zlib-1.2.11.tar.gz/adler32.c,Info-ZIP,
/zlib-1.2.11.tar.gz/amiga/Makefile.pup,Info-ZIP,
/zlib-1.2.11.tar.gz/amiga/Makefile.sas,Info-ZIP,
/zlib-1.2.11.tar.gz/compress.c,Info-ZIP,
/zlib-1.2.11.tar.gz/configure,Info-ZIP,
/zlib-1.2.11.tar.gz/contrib/README.contrib,Info-ZIP,
/zlib-1.2.11.tar.gz/contrib/ada/buffer_demo.adb,GPL-1.0+,
/zlib-1.2.11.tar.gz/contrib/ada/mtest.adb,GPL-1.0+,
/zlib-1.2.11.tar.gz/contrib/ada/read.adb,GPL-1.0+,
/zlib-1.2.11.tar.gz/contrib/ada/readme.txt,GPL-1.0+,
/zlib-1.2.11.tar.gz/contrib/ada/test.adb,GPL-1.0+,
/zlib-1.2.11.tar.gz/contrib/ada/zlib-streams.adb,GPL-1.0+,
/zlib-1.2.11.tar.gz/contrib/ada/zlib-streams.ads,GPL-1.0+,
/zlib-1.2.11.tar.gz/contrib/ada/zlib-thin.adb,GPL-1.0+,
/zlib-1.2.11.tar.gz/contrib/ada/zlib-thin.ads,GPL-1.0+,
/zlib-1.2.11.tar.gz/contrib/ada/zlib.adb,GPL-1.0+,
/zlib-1.2.11.tar.gz/contrib/ada/zlib.ads,GPL-1.0+,
/zlib-1.2.11.tar.gz/contrib/ada/zlib.gpr,GPL-1.0+,
/zlib-1.2.11.tar.gz/contrib/amd64/amd64-match.S,Info-ZIP,
/zlib-1.2.11.tar.gz/contrib/asm686/README.686,Info-ZIP,
/zlib-1.2.11.tar.gz/contrib/asm686/match.S,Info-ZIP,
/zlib-1.2.11.tar.gz/contrib/blast/Makefile,Info-ZIP,
/zlib-1.2.11.tar.gz/contrib/blast/README,Info-ZIP,
/zlib-1.2.11.tar.gz/contrib/blast/blast.c,Info-ZIP,
/zlib-1.2.11.tar.gz/contrib/blast/blast.h,Info-ZIP,
/zlib-1.2.11.tar.gz/contrib/blast/test.pk,Info-ZIP,
/zlib-1.2.11.tar.gz/contrib/blast/test.txt,Info-ZIP,
/zlib-1.2.11.tar.gz/contrib/delphi/ZLib.pas,Info-ZIP,
/zlib-1.2.11.tar.gz/contrib/delphi/ZLibConst.pas,Info-ZIP,
/zlib-1.2.11.tar.gz/contrib/delphi/readme.txt,Info-ZIP,
/zlib-1.2.11.tar.gz/contrib/delphi/zlibd32.mak,Info-ZIP,
/zlib-1.2.11.tar.gz/contrib/dotzlib/DotZLib.build,BSL-1.0,
/zlib-1.2.11.tar.gz/contrib/dotzlib/DotZLib.chm,BSL-1.0,
/zlib-1.2.11.tar.gz/contrib/dotzlib/DotZLib.sln,BSL-1.0,
/zlib-1.2.11.tar.gz/contrib/dotzlib/DotZLib/AssemblyInfo.cs,BSL-1.0,
/zlib-1.2.11.tar.gz/contrib/dotzlib/DotZLib/ChecksumImpl.cs,BSL-1.0,
/zlib-1.2.11.tar.gz/contrib/dotzlib/DotZLib/CircularBuffer.cs,BSL-1.0,
/zlib-1.2.11.tar.gz/contrib/dotzlib/DotZLib/CodecBase.cs,BSL-1.0,
/zlib-1.2.11.tar.gz/contrib/dotzlib/DotZLib/Deflater.cs,BSL-1.0,
/zlib-1.2.11.tar.gz/contrib/dotzlib/DotZLib/DotZLib.cs,BSL-1.0,
/zlib-1.2.11.tar.gz/contrib/dotzlib/DotZLib/DotZLib.csproj,BSL-1.0,
/zlib-1.2.11.tar.gz/contrib/dotzlib/DotZLib/GZipStream.cs,BSL-1.0,
/zlib-1.2.11.tar.gz/contrib/dotzlib/DotZLib/Inflater.cs,BSL-1.0,
/zlib-1.2.11.tar.gz/contrib/dotzlib/DotZLib/UnitTests.cs,BSL-1.0,
/zlib-1.2.11.tar.gz/contrib/dotzlib/LICENSE_1_0.txt,BSL-1.0,
/zlib-1.2.11.tar.gz/contrib/dotzlib/readme.txt,BSL-1.0,
/zlib-1.2.11.tar.gz/contrib/gcc_gvmat64/gvmat64.S,Info-ZIP,
/zlib-1.2.11.tar.gz/contrib/infback9/README,Info-ZIP,
/zlib-1.2.11.tar.gz/contrib/infback9/infback9.c,Info-ZIP,
/zlib-1.2.11.tar.gz/contrib/infback9/infback9.h,Info-ZIP,
/zlib-1.2.11.tar.gz/contrib/infback9/inffix9.h,Info-ZIP,
/zlib-1.2.11.tar.gz/contrib/infback9/inflate9.h,Info-ZIP,
/zlib-1.2.11.tar.gz/contrib/infback9/inftree9.c,Info-ZIP,
/zlib-1.2.11.tar.gz/contrib/infback9/inftree9.h,Info-ZIP,
/zlib-1.2.11.tar.gz/contrib/inflate86/inffas86.c,Info-ZIP,
/zlib-1.2.11.tar.gz/contrib/inflate86/inffast.S,Info-ZIP,
/zlib-1.2.11.tar.gz/contrib/iostream/test.cpp,Info-ZIP,
/zlib-1.2.11.tar.gz/contrib/iostream/zfstream.cpp,Info-ZIP,
/zlib-1.2.11.tar.gz/contrib/iostream/zfstream.h,Info-ZIP,
/zlib-1.2.11.tar.gz/contrib/iostream2/zstream.h,Info-ZIP,
/zlib-1.2.11.tar.gz/contrib/iostream2/zstream_test.cpp,Info-ZIP,
/zlib-1.2.11.tar.gz/contrib/iostream3/README,Info-ZIP,
/zlib-1.2.11.tar.gz/contrib/iostream3/TODO,Info-ZIP,
/zlib-1.2.11.tar.gz/contrib/iostream3/test.cc,Info-ZIP,
/zlib-1.2.11.tar.gz/contrib/iostream3/zfstream.cc,Info-ZIP,
/zlib-1.2.11.tar.gz/contrib/iostream3/zfstream.h,Info-ZIP,
/zlib-1.2.11.tar.gz/contrib/masmx64/bld_ml64.bat,Info-ZIP,
/zlib-1.2.11.tar.gz/contrib/masmx64/gvmat64.asm,Info-ZIP,
/zlib-1.2.11.tar.gz/contrib/masmx64/inffas8664.c,Info-ZIP,
/zlib-1.2.11.tar.gz/contrib/masmx64/inffasx64.asm,Info-ZIP,
/zlib-1.2.11.tar.gz/contrib/masmx64/readme.txt,Info-ZIP,
/zlib-1.2.11.tar.gz/contrib/masmx86/bld_ml32.bat,Info-ZIP,
/zlib-1.2.11.tar.gz/contrib/masmx86/inffas32.asm,Info-ZIP,
/zlib-1.2.11.tar.gz/contrib/masmx86/match686.asm,Info-ZIP,
/zlib-1.2.11.tar.gz/contrib/masmx86/readme.txt,Info-ZIP,
/zlib-1.2.11.tar.gz/contrib/minizip/Makefile,Info-ZIP,
/zlib-1.2.11.tar.gz/contrib/minizip/Makefile.am,Info-ZIP,
/zlib-1.2.11.tar.gz/contrib/minizip/MiniZip64_Changes.txt,Info-ZIP,
/zlib-1.2.11.tar.gz/contrib/minizip/MiniZip64_info.txt,Info-ZIP;bzip2-1.0.5,
/zlib-1.2.11.tar.gz/contrib/minizip/configure.ac,Info-ZIP,
/zlib-1.2.11.tar.gz/contrib/minizip/crypt.h,Info-ZIP,
/zlib-1.2.11.tar.gz/contrib/minizip/ioapi.c,Info-ZIP,
/zlib-1.2.11.tar.gz/contrib/minizip/ioapi.h,Info-ZIP,
/zlib-1.2.11.tar.gz/contrib/minizip/iowin32.c,Info-ZIP,
/zlib-1.2.11.tar.gz/contrib/minizip/iowin32.h,Info-ZIP,
/zlib-1.2.11.tar.gz/contrib/minizip/make_vms.com,Info-ZIP,
/zlib-1.2.11.tar.gz/contrib/minizip/miniunz.c,Info-ZIP,
/zlib-1.2.11.tar.gz/contrib/minizip/miniunzip.1,Info-ZIP,
/zlib-1.2.11.tar.gz/contrib/minizip/minizip.1,Info-ZIP,
/zlib-1.2.11.tar.gz/contrib/minizip/minizip.c,Info-ZIP,
/zlib-1.2.11.tar.gz/contrib/minizip/minizip.pc.in,Info-ZIP,
/zlib-1.2.11.tar.gz/contrib/minizip/mztools.c,Info-ZIP,
/zlib-1.2.11.tar.gz/contrib/minizip/mztools.h,Info-ZIP,
/zlib-1.2.11.tar.gz/contrib/minizip/unzip.c,Info-ZIP,
/zlib-1.2.11.tar.gz/contrib/minizip/unzip.h,Info-ZIP,
/zlib-1.2.11.tar.gz/contrib/minizip/zip.c,Info-ZIP,
/zlib-1.2.11.tar.gz/contrib/minizip/zip.h,Info-ZIP,
/zlib-1.2.11.tar.gz/contrib/pascal/example.pas,bzip2-1.0.5,
/zlib-1.2.11.tar.gz/contrib/pascal/readme.txt,bzip2-1.0.5,
/zlib-1.2.11.tar.gz/contrib/pascal/zlibd32.mak,bzip2-1.0.5,
/zlib-1.2.11.tar.gz/contrib/pascal/zlibpas.pas,bzip2-1.0.5,
/zlib-1.2.11.tar.gz/contrib/puff/Makefile,Info-ZIP,
/zlib-1.2.11.tar.gz/contrib/puff/README,Info-ZIP,
/zlib-1.2.11.tar.gz/contrib/puff/puff.c,Info-ZIP,
/zlib-1.2.11.tar.gz/contrib/puff/puff.h,Cube;Eurosym;Info-ZIP;Nunit;Spencer-94;Zlib;zlib-acknowledgement,
/zlib-1.2.11.tar.gz/contrib/puff/pufftest.c,Info-ZIP,
/zlib-1.2.11.tar.gz/contrib/puff/zeros.raw,Info-ZIP,
/zlib-1.2.11.tar.gz/contrib/testzlib/testzlib.c,Info-ZIP,
/zlib-1.2.11.tar.gz/contrib/testzlib/testzlib.txt,Info-ZIP,
/zlib-1.2.11.tar.gz/contrib/untgz/Makefile,Info-ZIP,
/zlib-1.2.11.tar.gz/contrib/untgz/Makefile.msc,Info-ZIP,
/zlib-1.2.11.tar.gz/contrib/untgz/untgz.c,Info-ZIP,
/zlib-1.2.11.tar.gz/contrib/vstudio/readme.txt,Info-ZIP,
/zlib-1.2.11.tar.gz/contrib/vstudio/vc10/miniunz.vcxproj,Info-ZIP,
/zlib-1.2.11.tar.gz/contrib/vstudio/vc10/miniunz.vcxproj.filters,Info-ZIP,
/zlib-1.2.11.tar.gz/contrib/vstudio/vc10/minizip.vcxproj,Info-ZIP,
/zlib-1.2.11.tar.gz/contrib/vstudio/vc10/minizip.vcxproj.filters,Info-ZIP,
/zlib-1.2.11.tar.gz/contrib/vstudio/vc10/testzlib.vcxproj,Info-ZIP,
/zlib-1.2.11.tar.gz/contrib/vstudio/vc10/testzlib.vcxproj.filters,Info-ZIP,
/zlib-1.2.11.tar.gz/contrib/vstudio/vc10/testzlibdll.vcxproj,Info-ZIP,
/zlib-1.2.11.tar.gz/contrib/vstudio/vc10/testzlibdll.vcxproj.filters,Info-ZIP,
/zlib-1.2.11.tar.gz/contrib/vstudio/vc10/zlib.rc,Info-ZIP,
/zlib-1.2.11.tar.gz/contrib/vstudio/vc10/zlibstat.vcxproj,Info-ZIP,
/zlib-1.2.11.tar.gz/contrib/vstudio/vc10/zlibstat.vcxproj.filters,Info-ZIP,
/zlib-1.2.11.tar.gz/contrib/vstudio/vc10/zlibvc.def,Info-ZIP,
/zlib-1.2.11.tar.gz/contrib/vstudio/vc10/zlibvc.sln,Info-ZIP,
/zlib-1.2.11.tar.gz/contrib/vstudio/vc10/zlibvc.vcxproj,Info-ZIP,
/zlib-1.2.11.tar.gz/contrib/vstudio/vc10/zlibvc.vcxproj.filters,Info-ZIP,
/zlib-1.2.11.tar.gz/contrib/vstudio/vc11/miniunz.vcxproj,Info-ZIP,
/zlib-1.2.11.tar.gz/contrib/vstudio/vc11/minizip.vcxproj,Info-ZIP,
/zlib-1.2.11.tar.gz/contrib/vstudio/vc11/testzlib.vcxproj,Info-ZIP,
/zlib-1.2.11.tar.gz/contrib/vstudio/vc11/testzlibdll.vcxproj,Info-ZIP,
/zlib-1.2.11.tar.gz/contrib/vstudio/vc11/zlib.rc,Info-ZIP,
/zlib-1.2.11.tar.gz/contrib/vstudio/vc11/zlibstat.vcxproj,Info-ZIP,
/zlib-1.2.11.tar.gz/contrib/vstudio/vc11/zlibvc.def,Info-ZIP,
/zlib-1.2.11.tar.gz/contrib/vstudio/vc11/zlibvc.sln,Info-ZIP,
/zlib-1.2.11.tar.gz/contrib/vstudio/vc11/zlibvc.vcxproj,Info-ZIP,
/zlib-1.2.11.tar.gz/contrib/vstudio/vc12/miniunz.vcxproj,Info-ZIP,
/zlib-1.2.11.tar.gz/contrib/vstudio/vc12/minizip.vcxproj,Info-ZIP,
/zlib-1.2.11.tar.gz/contrib/vstudio/vc12/testzlib.vcxproj,Info-ZIP,
/zlib-1.2.11.tar.gz/contrib/vstudio/vc12/testzlibdll.vcxproj,Info-ZIP,
/zlib-1.2.11.tar.gz/contrib/vstudio/vc12/zlib.rc,Info-ZIP,
/zlib-1.2.11.tar.gz/contrib/vstudio/vc12/zlibstat.vcxproj,Info-ZIP,
/zlib-1.2.11.tar.gz/contrib/vstudio/vc12/zlibvc.def,Info-ZIP,
/zlib-1.2.11.tar.gz/contrib/vstudio/vc12/zlibvc.sln,Info-ZIP,
/zlib-1.2.11.tar.gz/contrib/vstudio/vc12/zlibvc.vcxproj,Info-ZIP,
/zlib-1.2.11.tar.gz/contrib/vstudio/vc14/miniunz.vcxproj,Info-ZIP,
/zlib-1.2.11.tar.gz/contrib/vstudio/vc14/minizip.vcxproj,Info-ZIP,
/zlib-1.2.11.tar.gz/contrib/vstudio/vc14/testzlib.vcxproj,Info-ZIP,
/zlib-1.2.11.tar.gz/contrib/vstudio/vc14/testzlibdll.vcxproj,Info-ZIP,
/zlib-1.2.11.tar.gz/contrib/vstudio/vc14/zlib.rc,Info-ZIP,
/zlib-1.2.11.tar.gz/contrib/vstudio/vc14/zlibstat.vcxproj,Info-ZIP,
/zlib-1.2.11.tar.gz/contrib/vstudio/vc14/zlibvc.def,Info-ZIP,
/zlib-1.2.11.tar.gz/contrib/vstudio/vc14/zlibvc.sln,Info-ZIP,
/zlib-1.2.11.tar.gz/contrib/vstudio/vc14/zlibvc.vcxproj,Info-ZIP,
/zlib-1.2.11.tar.gz/contrib/vstudio/vc9/miniunz.vcproj,Info-ZIP,
/zlib-1.2.11.tar.gz/contrib/vstudio/vc9/minizip.vcproj,Info-ZIP,
/zlib-1.2.11.tar.gz/contrib/vstudio/vc9/testzlib.vcproj,Info-ZIP,
/zlib-1.2.11.tar.gz/contrib/vstudio/vc9/testzlibdll.vcproj,Info-ZIP,
/zlib-1.2.11.tar.gz/contrib/vstudio/vc9/zlib.rc,Info-ZIP,
/zlib-1.2.11.tar.gz/contrib/vstudio/vc9/zlibstat.vcproj,Info-ZIP,
/zlib-1.2.11.tar.gz/contrib/vstudio/vc9/zlibvc.def,Info-ZIP,
/zlib-1.2.11.tar.gz/contrib/vstudio/vc9/zlibvc.sln,Info-ZIP,
/zlib-1.2.11.tar.gz/contrib/vstudio/vc9/zlibvc.vcproj,Info-ZIP,
/zlib-1.2.11.tar.gz/crc32.c,Info-ZIP,
/zlib-1.2.11.tar.gz/crc32.h,Info-ZIP,
/zlib-1.2.11.tar.gz/deflate.c,Info-ZIP,
/zlib-1.2.11.tar.gz/deflate.h,Info-ZIP,
/zlib-1.2.11.tar.gz/doc/algorithm.txt,Info-ZIP,
/zlib-1.2.11.tar.gz/doc/rfc1950.txt,Info-ZIP,
/zlib-1.2.11.tar.gz/doc/rfc1951.txt,Info-ZIP;SPL-1.0,
/zlib-1.2.11.tar.gz/doc/rfc1952.txt,Info-ZIP,
/zlib-1.2.11.tar.gz/doc/txtvsbin.txt,Info-ZIP,
/zlib-1.2.11.tar.gz/examples/README.examples,Info-ZIP,
/zlib-1.2.11.tar.gz/examples/enough.c,Info-ZIP,
/zlib-1.2.11.tar.gz/examples/fitblk.c,Info-ZIP,
/zlib-1.2.11.tar.gz/examples/gun.c,Info-ZIP,
/zlib-1.2.11.tar.gz/examples/gzappend.c,Info-ZIP,
/zlib-1.2.11.tar.gz/examples/gzjoin.c,Info-ZIP,
/zlib-1.2.11.tar.gz/examples/gzlog.c,Info-ZIP,
/zlib-1.2.11.tar.gz/examples/gzlog.h,Info-ZIP,
/zlib-1.2.11.tar.gz/examples/zlib_how.html,Info-ZIP,
/zlib-1.2.11.tar.gz/examples/zpipe.c,Info-ZIP,
/zlib-1.2.11.tar.gz/examples/zran.c,Info-ZIP,
/zlib-1.2.11.tar.gz/gzclose.c,Info-ZIP,
/zlib-1.2.11.tar.gz/gzguts.h,Info-ZIP,
/zlib-1.2.11.tar.gz/gzlib.c,Info-ZIP,
/zlib-1.2.11.tar.gz/gzread.c,Info-ZIP,
/zlib-1.2.11.tar.gz/gzwrite.c,Info-ZIP,
/zlib-1.2.11.tar.gz/infback.c,Info-ZIP,
/zlib-1.2.11.tar.gz/inffast.c,Info-ZIP,
/zlib-1.2.11.tar.gz/inffast.h,Info-ZIP,
/zlib-1.2.11.tar.gz/inffixed.h,Info-ZIP,
/zlib-1.2.11.tar.gz/inflate.c,Info-ZIP,
/zlib-1.2.11.tar.gz/inflate.h,Info-ZIP,
/zlib-1.2.11.tar.gz/inftrees.c,Info-ZIP,
/zlib-1.2.11.tar.gz/inftrees.h,Info-ZIP,
/zlib-1.2.11.tar.gz/make_vms.com,Info-ZIP,
/zlib-1.2.11.tar.gz/msdos/Makefile.bor,Info-ZIP,
/zlib-1.2.11.tar.gz/msdos/Makefile.dj2,Info-ZIP,
/zlib-1.2.11.tar.gz/msdos/Makefile.emx,Info-ZIP,
/zlib-1.2.11.tar.gz/msdos/Makefile.msc,Info-ZIP,
/zlib-1.2.11.tar.gz/msdos/Makefile.tc,Info-ZIP,
/zlib-1.2.11.tar.gz/nintendods/Makefile,Info-ZIP,
/zlib-1.2.11.tar.gz/nintendods/README,Info-ZIP,
/zlib-1.2.11.tar.gz/old/Makefile.emx,Info-ZIP,
/zlib-1.2.11.tar.gz/old/Makefile.riscos,Info-ZIP,
/zlib-1.2.11.tar.gz/old/README,Info-ZIP,
/zlib-1.2.11.tar.gz/old/descrip.mms,Info-ZIP,
/zlib-1.2.11.tar.gz/old/os2/Makefile.os2,Info-ZIP,
/zlib-1.2.11.tar.gz/old/os2/zlib.def,Info-ZIP,
/zlib-1.2.11.tar.gz/old/visual-basic.txt,Info-ZIP,
/zlib-1.2.11.tar.gz/os400/README400,Info-ZIP,
/zlib-1.2.11.tar.gz/os400/bndsrc,Info-ZIP,
/zlib-1.2.11.tar.gz/os400/make.sh,Info-ZIP,
/zlib-1.2.11.tar.gz/os400/zlib.inc,Info-ZIP,
/zlib-1.2.11.tar.gz/qnx/package.qpg,Info-ZIP,
/zlib-1.2.11.tar.gz/test/example.c,Info-ZIP,
/zlib-1.2.11.tar.gz/test/infcover.c,Info-ZIP,
/zlib-1.2.11.tar.gz/test/minigzip.c,Info-ZIP,
/zlib-1.2.11.tar.gz/treebuild.xml,Info-ZIP,
/zlib-1.2.11.tar.gz/trees.c,Info-ZIP,
/zlib-1.2.11.tar.gz/trees.h,Info-ZIP,
/zlib-1.2.11.tar.gz/uncompr.c,Info-ZIP,
/zlib-1.2.11.tar.gz/watcom/watcom_f.mak,Info-ZIP,
/zlib-1.2.11.tar.gz/watcom/watcom_l.mak,Info-ZIP,
/zlib-1.2.11.tar.gz/win32/DLL_FAQ.txt,Info-ZIP,
/zlib-1.2.11.tar.gz/win32/Makefile.bor,Info-ZIP,
/zlib-1.2.11.tar.gz/win32/Makefile.gcc,Info-ZIP,
/zlib-1.2.11.tar.gz/win32/Makefile.msc,Info-ZIP,
/zlib-1.2.11.tar.gz/win32/README-WIN32.txt,Info-ZIP,
/zlib-1.2.11.tar.gz/win32/VisualC.txt,Info-ZIP,
/zlib-1.2.11.tar.gz/win32/zlib.def,Info-ZIP,
/zlib-1.2.11.tar.gz/win32/zlib1.rc,Info-ZIP,
/zlib-1.2.11.tar.gz/zconf.h,Info-ZIP,
/zlib-1.2.11.tar.gz/zconf.h.cmakein,Info-ZIP,
/zlib-1.2.11.tar.gz/zconf.h.in,Info-ZIP,
/zlib-1.2.11.tar.gz/zlib.3,Info-ZIP,
/zlib-1.2.11.tar.gz/zlib.3.pdf,Info-ZIP,
/zlib-1.2.11.tar.gz/zlib.h,Info-ZIP,
/zlib-1.2.11.tar.gz/zlib.map,Info-ZIP,
/zlib-1.2.11.tar.gz/zlib.pc.cmakein,Info-ZIP,
/zlib-1.2.11.tar.gz/zlib.pc.in,Info-ZIP,
/zlib-1.2.11.tar.gz/zlib2ansi,Info-ZIP,
/zlib-1.2.11.tar.gz/zutil.c,Info-ZIP,
/zlib-1.2.11.tar.gz/zutil.h,Info-ZIP,
