/zlib-1.2.11.tar.gz/ChangeLog,UNKNOWN,
/zlib-1.2.11.tar.gz/FAQ,UNKNOWN,
/zlib-1.2.11.tar.gz/Makefile.in,UNKNOWN,
/zlib-1.2.11.tar.gz/README,UNKNOWN,
/zlib-1.2.11.tar.gz/adler32.c,UNKNOWN,
/zlib-1.2.11.tar.gz/amiga/Makefile.pup,UNKNOWN,
/zlib-1.2.11.tar.gz/amiga/Makefile.sas,UNKNOWN,
/zlib-1.2.11.tar.gz/compress.c,UNKNOWN,
/zlib-1.2.11.tar.gz/contrib/ada/buffer_demo.adb,UNKNOWN,
/zlib-1.2.11.tar.gz/contrib/ada/mtest.adb,UNKNOWN,
/zlib-1.2.11.tar.gz/contrib/ada/read.adb,UNKNOWN,
/zlib-1.2.11.tar.gz/contrib/ada/test.adb,UNKNOWN,
/zlib-1.2.11.tar.gz/contrib/ada/zlib-streams.adb,UNKNOWN,
/zlib-1.2.11.tar.gz/contrib/ada/zlib-streams.ads,UNKNOWN,
/zlib-1.2.11.tar.gz/contrib/ada/zlib-thin.adb,UNKNOWN,
/zlib-1.2.11.tar.gz/contrib/ada/zlib-thin.ads,UNKNOWN,
/zlib-1.2.11.tar.gz/contrib/ada/zlib.adb,UNKNOWN,
/zlib-1.2.11.tar.gz/contrib/ada/zlib.ads,GPL-2.0-or-later,
/zlib-1.2.11.tar.gz/contrib/amd64/amd64-match.S,UNKNOWN,
/zlib-1.2.11.tar.gz/contrib/asm686/README.686,UNKNOWN,
/zlib-1.2.11.tar.gz/contrib/asm686/match.S,UNKNOWN,
/zlib-1.2.11.tar.gz/contrib/blast/blast.c,UNKNOWN,
/zlib-1.2.11.tar.gz/contrib/blast/blast.h,UNKNOWN,
/zlib-1.2.11.tar.gz/contrib/delphi/ZLib.pas,UNKNOWN,
/zlib-1.2.11.tar.gz/contrib/delphi/readme.txt,UNKNOWN,
/zlib-1.2.11.tar.gz/contrib/dotzlib/DotZLib/ChecksumImpl.cs,BSL-1.0;boost-1ref,
/zlib-1.2.11.tar.gz/contrib/dotzlib/DotZLib/CircularBuffer.cs,BSL-1.0;boost-1ref,
/zlib-1.2.11.tar.gz/contrib/dotzlib/DotZLib/CodecBase.cs,BSL-1.0;boost-1ref,
/zlib-1.2.11.tar.gz/contrib/dotzlib/DotZLib/Deflater.cs,BSL-1.0;boost-1ref,
/zlib-1.2.11.tar.gz/contrib/dotzlib/DotZLib/DotZLib.cs,BSL-1.0;boost-1ref,
/zlib-1.2.11.tar.gz/contrib/dotzlib/DotZLib/GZipStream.cs,BSL-1.0;boost-1ref,
/zlib-1.2.11.tar.gz/contrib/dotzlib/DotZLib/Inflater.cs,BSL-1.0;boost-1ref,
/zlib-1.2.11.tar.gz/contrib/dotzlib/DotZLib/UnitTests.cs,BSL-1.0;boost-1ref,
/zlib-1.2.11.tar.gz/contrib/dotzlib/LICENSE_1_0.txt,UNKNOWN,
/zlib-1.2.11.tar.gz/contrib/dotzlib/readme.txt,BSL-1.0;boost-1ref,
/zlib-1.2.11.tar.gz/contrib/gcc_gvmat64/gvmat64.S,UNKNOWN,
/zlib-1.2.11.tar.gz/contrib/infback9/infback9.c,UNKNOWN,
/zlib-1.2.11.tar.gz/contrib/infback9/infback9.h,UNKNOWN,
/zlib-1.2.11.tar.gz/contrib/infback9/inffix9.h,UNKNOWN,
/zlib-1.2.11.tar.gz/contrib/infback9/inflate9.h,UNKNOWN,
/zlib-1.2.11.tar.gz/contrib/infback9/inftree9.c,UNKNOWN,
/zlib-1.2.11.tar.gz/contrib/infback9/inftree9.h,UNKNOWN,
/zlib-1.2.11.tar.gz/contrib/inflate86/inffas86.c,UNKNOWN,
/zlib-1.2.11.tar.gz/contrib/inflate86/inffast.S,UNKNOWN,
/zlib-1.2.11.tar.gz/contrib/iostream2/zstream.h,UNKNOWN,
/zlib-1.2.11.tar.gz/contrib/iostream3/README,UNKNOWN,
/zlib-1.2.11.tar.gz/contrib/masmx64/gvmat64.asm,UNKNOWN,
/zlib-1.2.11.tar.gz/contrib/masmx64/inffas8664.c,UNKNOWN,
/zlib-1.2.11.tar.gz/contrib/masmx86/inffas32.asm,UNKNOWN,
/zlib-1.2.11.tar.gz/contrib/masmx86/match686.asm,UNKNOWN,
/zlib-1.2.11.tar.gz/contrib/minizip/MiniZip64_info.txt,UNKNOWN,
/zlib-1.2.11.tar.gz/contrib/minizip/crypt.h,UNKNOWN,
/zlib-1.2.11.tar.gz/contrib/minizip/ioapi.c,UNKNOWN,
/zlib-1.2.11.tar.gz/contrib/minizip/ioapi.h,UNKNOWN,
/zlib-1.2.11.tar.gz/contrib/minizip/iowin32.c,UNKNOWN,
/zlib-1.2.11.tar.gz/contrib/minizip/iowin32.h,UNKNOWN,
/zlib-1.2.11.tar.gz/contrib/minizip/miniunz.c,UNKNOWN,
/zlib-1.2.11.tar.gz/contrib/minizip/minizip.c,UNKNOWN,
/zlib-1.2.11.tar.gz/contrib/minizip/mztools.c,UNKNOWN,
/zlib-1.2.11.tar.gz/contrib/minizip/mztools.h,UNKNOWN,
/zlib-1.2.11.tar.gz/contrib/minizip/unzip.c,UNKNOWN,
/zlib-1.2.11.tar.gz/contrib/minizip/unzip.h,UNKNOWN,
/zlib-1.2.11.tar.gz/contrib/minizip/zip.c,UNKNOWN,
/zlib-1.2.11.tar.gz/contrib/minizip/zip.h,UNKNOWN,
/zlib-1.2.11.tar.gz/contrib/pascal/example.pas,ZLIBref,
/zlib-1.2.11.tar.gz/contrib/pascal/readme.txt,UNKNOWN,
/zlib-1.2.11.tar.gz/contrib/pascal/zlibpas.pas,UNKNOWN,
/zlib-1.2.11.tar.gz/contrib/puff/puff.c,UNKNOWN,
/zlib-1.2.11.tar.gz/contrib/puff/puff.h,UNKNOWN,
/zlib-1.2.11.tar.gz/contrib/puff/pufftest.c,UNKNOWN,
/zlib-1.2.11.tar.gz/contrib/vstudio/readme.txt,UNKNOWN,
/zlib-1.2.11.tar.gz/crc32.c,UNKNOWN,
/zlib-1.2.11.tar.gz/deflate.c,UNKNOWN,
/zlib-1.2.11.tar.gz/deflate.h,UNKNOWN,
/zlib-1.2.11.tar.gz/doc/algorithm.txt,UNKNOWN,
/zlib-1.2.11.tar.gz/doc/rfc1950.txt,UNKNOWN,
/zlib-1.2.11.tar.gz/doc/rfc1951.txt,UNKNOWN,
/zlib-1.2.11.tar.gz/doc/rfc1952.txt,SeeFile,
/zlib-1.2.11.tar.gz/doc/txtvsbin.txt,UNKNOWN,
/zlib-1.2.11.tar.gz/examples/enough.c,UNKNOWN,
/zlib-1.2.11.tar.gz/examples/fitblk.c,UNKNOWN,
/zlib-1.2.11.tar.gz/examples/gun.c,UNKNOWN,
/zlib-1.2.11.tar.gz/examples/gzappend.c,UNKNOWN,
/zlib-1.2.11.tar.gz/examples/gzjoin.c,UNKNOWN,
/zlib-1.2.11.tar.gz/examples/gzlog.c,UNKNOWN,
/zlib-1.2.11.tar.gz/examples/gzlog.h,UNKNOWN,
/zlib-1.2.11.tar.gz/examples/zlib_how.html,UNKNOWN,
/zlib-1.2.11.tar.gz/examples/zpipe.c,UNKNOWN,
/zlib-1.2.11.tar.gz/examples/zran.c,UNKNOWN,
/zlib-1.2.11.tar.gz/gzclose.c,UNKNOWN,
/zlib-1.2.11.tar.gz/gzguts.h,UNKNOWN,
/zlib-1.2.11.tar.gz/gzlib.c,UNKNOWN,
/zlib-1.2.11.tar.gz/gzread.c,UNKNOWN,
/zlib-1.2.11.tar.gz/gzwrite.c,UNKNOWN,
/zlib-1.2.11.tar.gz/infback.c,UNKNOWN,
/zlib-1.2.11.tar.gz/inffast.c,UNKNOWN,
/zlib-1.2.11.tar.gz/inffast.h,UNKNOWN,
/zlib-1.2.11.tar.gz/inffixed.h,UNKNOWN,
/zlib-1.2.11.tar.gz/inflate.c,UNKNOWN,
/zlib-1.2.11.tar.gz/inflate.h,UNKNOWN,
/zlib-1.2.11.tar.gz/inftrees.c,UNKNOWN,
/zlib-1.2.11.tar.gz/inftrees.h,UNKNOWN,
/zlib-1.2.11.tar.gz/msdos/Makefile.bor,UNKNOWN,
/zlib-1.2.11.tar.gz/msdos/Makefile.dj2,ZLIBref,
/zlib-1.2.11.tar.gz/msdos/Makefile.emx,ZLIBref,
/zlib-1.2.11.tar.gz/msdos/Makefile.msc,UNKNOWN,
/zlib-1.2.11.tar.gz/msdos/Makefile.tc,UNKNOWN,
/zlib-1.2.11.tar.gz/old/Makefile.emx,ZLIBref,
/zlib-1.2.11.tar.gz/old/os2/Makefile.os2,UNKNOWN,
/zlib-1.2.11.tar.gz/os400/make.sh,UNKNOWN,
/zlib-1.2.11.tar.gz/qnx/package.qpg,UNKNOWN,
/zlib-1.2.11.tar.gz/test/example.c,UNKNOWN,
/zlib-1.2.11.tar.gz/test/infcover.c,UNKNOWN,
/zlib-1.2.11.tar.gz/test/minigzip.c,UNKNOWN,
/zlib-1.2.11.tar.gz/trees.c,UNKNOWN,
/zlib-1.2.11.tar.gz/uncompr.c,UNKNOWN,
/zlib-1.2.11.tar.gz/win32/DLL_FAQ.txt,UNKNOWN,
/zlib-1.2.11.tar.gz/win32/Makefile.gcc,ZLIBref,
/zlib-1.2.11.tar.gz/win32/Makefile.msc,UNKNOWN,
/zlib-1.2.11.tar.gz/win32/README-WIN32.txt,UNKNOWN,
/zlib-1.2.11.tar.gz/zconf.h,UNKNOWN,
/zlib-1.2.11.tar.gz/zconf.h.cmakein,UNKNOWN,
/zlib-1.2.11.tar.gz/zconf.h.in,UNKNOWN,
/zlib-1.2.11.tar.gz/zlib.3,UNKNOWN,
/zlib-1.2.11.tar.gz/zlib.3.pdf,UNKNOWN,
/zlib-1.2.11.tar.gz/zlib.h,UNKNOWN,
/zlib-1.2.11.tar.gz/zutil.c,UNKNOWN,
/zlib-1.2.11.tar.gz/zutil.h,UNKNOWN,
